latitude,longitude,elevation,utc_offset_seconds,timezone,timezone_abbreviation
19.437609,-99.10715,2230.0,-21600,America/Mexico_City,GMT-6

time,precipitation_sum (mm),rain_sum (mm),temperature_2m_max (°C),temperature_2m_min (°C)
2010-01-01,0.30,0.30,18.6,8.5
2010-01-02,5.90,5.90,17.5,7.5
2010-01-03,6.40,6.40,15.6,9.8
2010-01-04,0.30,0.30,14.1,7.5
2010-01-05,0.10,0.10,15.4,5.8
2010-01-06,1.70,1.70,16.7,8.0
2010-01-07,11.50,11.50,16.4,9.0
2010-01-08,22.20,22.20,12.7,9.6
2010-01-09,9.50,9.50,11.6,6.6
2010-01-10,0.10,0.10,12.2,5.5
2010-01-11,0.00,0.00,13.6,4.2
2010-01-12,5.60,5.60,13.9,5.1
2010-01-13,3.30,3.30,14.0,7.4
2010-01-14,0.00,0.00,16.0,5.8
2010-01-15,6.00,6.00,13.3,7.8
2010-01-16,10.20,10.20,16.9,7.7
2010-01-17,0.00,0.00,18.3,8.2
2010-01-18,0.00,0.00,19.6,4.4
2010-01-19,0.00,0.00,20.7,6.0
2010-01-20,0.00,0.00,20.6,3.8
2010-01-21,0.00,0.00,20.6,4.4
2010-01-22,0.00,0.00,21.1,3.3
2010-01-23,0.00,0.00,21.4,2.3
2010-01-24,0.00,0.00,21.9,3.1
2010-01-25,0.00,0.00,20.5,8.0
2010-01-26,0.00,0.00,21.0,5.8
2010-01-27,0.00,0.00,20.2,6.6
2010-01-28,0.00,0.00,20.0,4.8
2010-01-29,0.70,0.70,19.4,8.6
2010-01-30,4.80,4.80,17.2,8.8
2010-01-31,3.70,3.70,16.6,4.3
2010-02-01,4.80,4.80,16.3,5.6
2010-02-02,1.70,1.70,17.5,6.7
2010-02-03,21.40,21.40,14.0,10.3
2010-02-04,50.50,50.50,12.5,10.9
2010-02-05,0.00,0.00,18.3,3.9
2010-02-06,0.00,0.00,19.9,4.2
2010-02-07,0.00,0.00,18.9,3.1
2010-02-08,0.00,0.00,18.5,4.3
2010-02-09,0.00,0.00,19.9,4.4
2010-02-10,0.00,0.00,19.8,5.3
2010-02-11,0.00,0.00,19.1,6.3
2010-02-12,0.00,0.00,19.8,9.5
2010-02-13,0.00,0.00,19.5,7.1
2010-02-14,0.00,0.00,19.8,6.5
2010-02-15,2.40,2.40,18.1,8.2
2010-02-16,0.00,0.00,18.2,4.8
2010-02-17,9.90,9.90,13.0,9.4
2010-02-18,7.10,7.10,12.4,8.6
2010-02-19,0.00,0.00,18.3,7.2
2010-02-20,0.00,0.00,19.7,5.0
2010-02-21,0.00,0.00,20.3,4.9
2010-02-22,0.00,0.00,21.8,6.1
2010-02-23,0.00,0.00,21.7,7.8
2010-02-24,0.00,0.00,17.5,6.3
2010-02-25,0.00,0.00,21.1,2.7
2010-02-26,0.00,0.00,21.9,4.5
2010-02-27,0.00,0.00,20.4,5.8
2010-02-28,0.00,0.00,21.4,6.0
2010-03-01,0.00,0.00,21.1,4.2
2010-03-02,0.00,0.00,23.3,6.5
2010-03-03,0.00,0.00,23.5,6.4
2010-03-04,0.00,0.00,24.1,6.7
2010-03-05,0.00,0.00,24.6,7.3
2010-03-06,0.00,0.00,24.7,12.6
2010-03-07,0.00,0.00,24.7,11.3
2010-03-08,0.30,0.30,22.9,11.2
2010-03-09,0.00,0.00,25.1,10.1
2010-03-10,0.00,0.00,24.7,7.2
2010-03-11,0.00,0.00,25.1,7.1
2010-03-12,0.00,0.00,26.0,11.4
2010-03-13,0.00,0.00,25.0,11.2
2010-03-14,0.00,0.00,26.0,6.8
2010-03-15,0.00,0.00,26.3,7.8
2010-03-16,0.80,0.80,25.1,14.2
2010-03-17,0.10,0.10,23.4,9.0
2010-03-18,0.30,0.30,22.8,9.0
2010-03-19,0.00,0.00,24.4,8.0
2010-03-20,0.00,0.00,24.6,7.7
2010-03-21,0.00,0.00,23.8,10.3
2010-03-22,0.00,0.00,24.3,8.7
2010-03-23,0.00,0.00,25.4,8.2
2010-03-24,0.00,0.00,24.5,8.2
2010-03-25,0.00,0.00,26.0,9.7
2010-03-26,0.00,0.00,26.3,10.3
2010-03-27,0.00,0.00,26.8,8.9
2010-03-28,0.00,0.00,27.3,11.3
2010-03-29,0.00,0.00,22.7,10.6
2010-03-30,0.00,0.00,22.6,8.7
2010-03-31,0.00,0.00,23.6,8.9
2010-04-01,0.00,0.00,24.1,9.0
2010-04-02,0.00,0.00,24.8,8.8
2010-04-03,0.00,0.00,25.4,10.2
2010-04-04,0.00,0.00,24.3,11.9
2010-04-05,0.00,0.00,25.3,14.2
2010-04-06,0.00,0.00,26.6,11.0
2010-04-07,0.90,0.90,26.2,12.2
2010-04-08,13.80,13.80,21.5,14.3
2010-04-09,2.70,2.70,23.5,9.7
2010-04-10,1.00,1.00,24.9,13.4
2010-04-11,0.00,0.00,23.9,12.9
2010-04-12,9.00,9.00,22.0,12.4
2010-04-13,1.10,1.10,21.3,9.8
2010-04-14,0.00,0.00,23.1,11.2
2010-04-15,3.70,3.70,21.7,11.0
2010-04-16,6.60,6.60,19.3,10.0
2010-04-17,0.30,0.30,21.0,7.2
2010-04-18,0.00,0.00,23.1,7.8
2010-04-19,0.00,0.00,24.2,10.7
2010-04-20,0.00,0.00,26.3,9.4
2010-04-21,0.00,0.00,27.0,10.3
2010-04-22,0.00,0.00,26.7,10.2
2010-04-23,0.00,0.00,27.5,11.8
2010-04-24,0.40,0.40,27.4,14.7
2010-04-25,0.20,0.20,26.8,10.8
2010-04-26,0.00,0.00,28.2,13.0
2010-04-27,0.00,0.00,27.3,9.8
2010-04-28,0.00,0.00,27.5,10.5
2010-04-29,0.00,0.00,27.4,10.1
2010-04-30,0.00,0.00,27.6,7.2
2010-05-01,0.00,0.00,27.4,7.3
2010-05-02,0.00,0.00,29.6,8.8
2010-05-03,0.00,0.00,29.7,11.1
2010-05-04,0.00,0.00,27.2,11.6
2010-05-05,0.00,0.00,29.5,14.7
2010-05-06,0.00,0.00,29.8,14.3
2010-05-07,0.00,0.00,30.5,12.4
2010-05-08,0.10,0.10,30.0,14.2
2010-05-09,0.20,0.20,28.3,14.6
2010-05-10,0.20,0.20,27.4,13.2
2010-05-11,0.20,0.20,27.0,14.5
2010-05-12,9.10,9.10,26.4,14.6
2010-05-13,5.50,5.50,24.9,14.0
2010-05-14,21.00,21.00,23.6,13.4
2010-05-15,1.80,1.80,23.0,10.9
2010-05-16,10.00,10.00,22.5,13.2
2010-05-17,1.50,1.50,22.1,12.1
2010-05-18,0.20,0.20,23.3,12.8
2010-05-19,0.00,0.00,25.7,11.0
2010-05-20,0.00,0.00,26.1,14.2
2010-05-21,0.00,0.00,28.0,15.3
2010-05-22,0.00,0.00,26.7,15.8
2010-05-23,0.00,0.00,28.1,15.9
2010-05-24,0.00,0.00,26.9,15.3
2010-05-25,0.00,0.00,26.9,14.2
2010-05-26,3.40,3.40,26.3,14.2
2010-05-27,2.80,2.80,23.4,13.6
2010-05-28,2.50,2.50,23.3,13.1
2010-05-29,0.00,0.00,26.4,10.4
2010-05-30,0.00,0.00,28.4,11.5
2010-05-31,0.00,0.00,28.4,12.8
2010-06-01,0.00,0.00,27.9,15.2
2010-06-02,0.00,0.00,27.1,15.1
2010-06-03,0.00,0.00,27.3,14.4
2010-06-04,0.20,0.20,27.7,16.2
2010-06-05,0.00,0.00,27.9,16.4
2010-06-06,0.00,0.00,28.3,13.5
2010-06-07,3.90,3.90,26.0,11.7
2010-06-08,3.20,3.20,25.8,14.7
2010-06-09,0.50,0.50,25.7,14.4
2010-06-10,1.70,1.70,23.7,14.2
2010-06-11,1.00,1.00,24.2,13.5
2010-06-12,7.90,7.90,23.8,14.1
2010-06-13,2.80,2.80,23.8,14.4
2010-06-14,0.90,0.90,23.3,14.0
2010-06-15,2.80,2.80,22.9,13.6
2010-06-16,7.40,7.40,22.1,14.0
2010-06-17,3.30,3.30,19.6,14.1
2010-06-18,15.80,15.80,20.9,13.5
2010-06-19,0.20,0.20,22.9,11.7
2010-06-20,0.10,0.10,22.9,12.4
2010-06-21,2.60,2.60,23.3,13.0
2010-06-22,0.80,0.80,23.3,14.1
2010-06-23,1.20,1.20,24.1,12.5
2010-06-24,6.50,6.50,23.3,12.7
2010-06-25,1.50,1.50,22.7,12.5
2010-06-26,0.90,0.90,23.5,12.9
2010-06-27,0.00,0.00,25.0,13.4
2010-06-28,0.00,0.00,25.2,12.9
2010-06-29,4.80,4.80,23.1,12.9
2010-06-30,2.30,2.30,21.8,13.9
2010-07-01,22.20,22.20,19.6,15.0
2010-07-02,5.40,5.40,21.9,14.1
2010-07-03,7.40,7.40,21.2,14.3
2010-07-04,8.80,8.80,21.0,12.6
2010-07-05,8.60,8.60,21.6,12.0
2010-07-06,21.10,21.10,21.0,12.4
2010-07-07,16.70,16.70,19.6,12.4
2010-07-08,20.80,20.80,17.5,13.7
2010-07-09,16.90,16.90,18.8,12.9
2010-07-10,8.50,8.50,19.5,12.6
2010-07-11,3.10,3.10,19.4,13.8
2010-07-12,2.90,2.90,21.9,12.1
2010-07-13,10.70,10.70,21.9,12.0
2010-07-14,5.50,5.50,21.4,12.8
2010-07-15,9.00,9.00,21.1,13.5
2010-07-16,0.80,0.80,20.9,10.4
2010-07-17,0.00,0.00,21.0,11.2
2010-07-18,4.60,4.60,20.8,12.7
2010-07-19,7.90,7.90,21.6,13.2
2010-07-20,10.70,10.70,20.5,12.8
2010-07-21,16.20,16.20,19.7,13.2
2010-07-22,11.40,11.40,18.4,12.7
2010-07-23,20.20,20.20,18.0,12.6
2010-07-24,29.20,29.20,17.2,14.1
2010-07-25,9.70,9.70,19.8,12.8
2010-07-26,4.40,4.40,20.8,12.5
2010-07-27,1.30,1.30,21.7,12.7
2010-07-28,18.40,18.40,19.5,13.0
2010-07-29,3.70,3.70,21.7,11.8
2010-07-30,0.10,0.10,20.5,11.8
2010-07-31,1.40,1.40,21.3,11.4
2010-08-01,0.00,0.00,21.7,9.7
2010-08-02,1.90,1.90,22.6,11.6
2010-08-03,1.40,1.40,21.0,13.4
2010-08-04,0.80,0.80,21.3,12.8
2010-08-05,0.00,0.00,20.5,11.9
2010-08-06,6.90,6.90,20.0,13.7
2010-08-07,11.70,11.70,21.5,13.3
2010-08-08,9.70,9.70,21.8,12.7
2010-08-09,5.90,5.90,21.8,14.4
2010-08-10,1.30,1.30,22.9,14.9
2010-08-11,1.60,1.60,21.8,13.2
2010-08-12,14.10,14.10,21.8,13.8
2010-08-13,3.30,3.30,19.4,14.7
2010-08-14,3.60,3.60,20.8,13.7
2010-08-15,2.50,2.50,21.9,13.3
2010-08-16,5.00,5.00,20.8,13.9
2010-08-17,15.00,15.00,18.9,13.0
2010-08-18,12.70,12.70,20.1,13.6
2010-08-19,8.50,8.50,20.6,13.6
2010-08-20,0.90,0.90,20.2,13.3
2010-08-21,9.80,9.80,19.3,12.6
2010-08-22,1.50,1.50,20.0,12.2
2010-08-23,0.00,0.00,19.7,10.5
2010-08-24,0.00,0.00,21.8,12.1
2010-08-25,13.80,13.80,19.0,12.5
2010-08-26,1.10,1.10,20.2,11.0
2010-08-27,3.00,3.00,19.0,12.1
2010-08-28,0.30,0.30,21.1,11.7
2010-08-29,1.20,1.20,21.4,13.5
2010-08-30,2.30,2.30,21.2,13.8
2010-08-31,5.70,5.70,17.8,12.7
2010-09-01,17.70,17.70,19.6,13.5
2010-09-02,1.20,1.20,20.6,12.4
2010-09-03,1.10,1.10,21.1,12.7
2010-09-04,18.30,18.30,17.5,12.8
2010-09-05,23.00,23.00,16.8,13.1
2010-09-06,9.90,9.90,16.3,12.6
2010-09-07,9.70,9.70,19.9,13.0
2010-09-08,12.10,12.10,20.7,13.2
2010-09-09,1.90,1.90,21.4,13.3
2010-09-10,3.30,3.30,21.2,12.6
2010-09-11,5.40,5.40,20.9,11.1
2010-09-12,0.00,0.00,21.3,12.3
2010-09-13,0.00,0.00,20.8,11.8
2010-09-14,0.00,0.00,20.4,12.3
2010-09-15,0.00,0.00,20.8,12.0
2010-09-16,0.00,0.00,20.1,12.1
2010-09-17,17.50,17.50,17.4,11.6
2010-09-18,16.00,16.00,18.3,13.0
2010-09-19,3.90,3.90,20.2,14.1
2010-09-20,5.70,5.70,20.3,13.5
2010-09-21,8.90,8.90,20.2,13.5
2010-09-22,12.70,12.70,20.7,13.2
2010-09-23,3.30,3.30,20.5,13.1
2010-09-24,4.70,4.70,20.9,12.7
2010-09-25,6.40,6.40,19.3,12.6
2010-09-26,0.70,0.70,19.6,12.5
2010-09-27,5.50,5.50,17.5,12.6
2010-09-28,2.50,2.50,18.7,12.6
2010-09-29,0.00,0.00,19.6,8.2
2010-09-30,0.00,0.00,19.5,8.1
2010-10-01,0.00,0.00,18.2,6.2
2010-10-02,0.00,0.00,18.6,6.4
2010-10-03,0.30,0.30,18.0,8.4
2010-10-04,0.00,0.00,17.6,8.0
2010-10-05,0.00,0.00,18.4,8.2
2010-10-06,0.10,0.10,17.9,7.9
2010-10-07,0.00,0.00,18.3,8.5
2010-10-08,0.00,0.00,19.5,7.4
2010-10-09,0.20,0.20,20.7,8.1
2010-10-10,0.50,0.50,21.2,10.4
2010-10-11,0.00,0.00,22.4,8.7
2010-10-12,0.00,0.00,23.9,11.8
2010-10-13,0.00,0.00,20.1,9.0
2010-10-14,0.00,0.00,16.3,6.6
2010-10-15,0.00,0.00,18.4,4.8
2010-10-16,0.00,0.00,21.1,6.9
2010-10-17,0.00,0.00,21.6,9.2
2010-10-18,0.20,0.20,21.3,9.1
2010-10-19,0.00,0.00,22.8,8.3
2010-10-20,0.00,0.00,23.6,11.0
2010-10-21,0.00,0.00,23.3,10.6
2010-10-22,0.00,0.00,23.8,9.7
2010-10-23,0.00,0.00,24.1,10.3
2010-10-24,0.00,0.00,24.6,8.9
2010-10-25,0.00,0.00,25.1,10.5
2010-10-26,0.00,0.00,25.2,9.9
2010-10-27,0.00,0.00,24.3,10.5
2010-10-28,0.40,0.40,22.6,10.7
2010-10-29,4.60,4.60,11.9,8.7
2010-10-30,0.00,0.00,18.4,7.1
2010-10-31,0.30,0.30,20.9,8.8
2010-11-01,0.00,0.00,21.8,11.4
2010-11-02,0.00,0.00,22.6,9.7
2010-11-03,2.60,2.60,17.3,9.8
2010-11-04,0.00,0.00,14.3,3.8
2010-11-05,0.00,0.00,14.1,0.3
2010-11-06,0.00,0.00,16.8,2.0
2010-11-07,0.00,0.00,16.6,1.7
2010-11-08,0.00,0.00,18.1,3.1
2010-11-09,0.00,0.00,20.0,4.2
2010-11-10,0.00,0.00,21.3,4.9
2010-11-11,0.00,0.00,22.4,6.7
2010-11-12,0.00,0.00,22.7,8.3
2010-11-13,0.00,0.00,21.7,8.5
2010-11-14,0.10,0.10,22.0,6.8
2010-11-15,0.00,0.00,22.5,6.3
2010-11-16,0.00,0.00,22.2,8.2
2010-11-17,0.00,0.00,23.0,8.3
2010-11-18,1.90,1.90,17.0,9.7
2010-11-19,0.00,0.00,19.8,8.3
2010-11-20,0.00,0.00,21.9,9.0
2010-11-21,0.00,0.00,23.0,8.7
2010-11-22,0.00,0.00,22.9,10.0
2010-11-23,0.00,0.00,23.9,10.8
2010-11-24,0.00,0.00,23.2,9.8
2010-11-25,0.00,0.00,23.4,9.0
2010-11-26,0.00,0.00,22.2,11.1
2010-11-27,0.30,0.30,20.9,9.5
2010-11-28,0.00,0.00,22.4,7.2
2010-11-29,0.00,0.00,23.6,11.1
2010-11-30,0.00,0.00,23.3,9.3
2010-12-01,0.00,0.00,19.2,6.8
2010-12-02,0.00,0.00,21.1,9.8
2010-12-03,0.00,0.00,20.5,7.1
2010-12-04,0.00,0.00,21.2,4.2
2010-12-05,0.00,0.00,19.9,6.2
2010-12-06,0.00,0.00,17.0,3.5
2010-12-07,0.00,0.00,19.0,4.5
2010-12-08,0.00,0.00,18.7,7.1
2010-12-09,0.00,0.00,16.7,2.1
2010-12-10,0.00,0.00,20.4,3.1
2010-12-11,0.00,0.00,21.5,5.0
2010-12-12,0.00,0.00,18.7,6.1
2010-12-13,0.00,0.00,18.5,3.9
2010-12-14,0.00,0.00,19.0,3.0
2010-12-15,0.00,0.00,20.8,4.5
2010-12-16,0.00,0.00,20.6,4.5
2010-12-17,0.00,0.00,21.1,4.9
2010-12-18,0.00,0.00,20.9,6.5
2010-12-19,0.00,0.00,21.6,5.2
2010-12-20,0.00,0.00,21.6,6.2
2010-12-21,0.00,0.00,21.8,7.2
2010-12-22,0.00,0.00,21.5,8.2
2010-12-23,0.00,0.00,21.0,6.6
2010-12-24,0.00,0.00,20.9,6.4
2010-12-25,0.00,0.00,18.4,6.5
2010-12-26,0.00,0.00,17.9,5.5
2010-12-27,0.00,0.00,18.7,6.8
2010-12-28,0.00,0.00,19.6,4.5
2010-12-29,0.00,0.00,20.0,7.2
2010-12-30,0.00,0.00,20.3,4.0
2010-12-31,0.00,0.00,19.8,3.3
2011-01-01,1.70,1.70,20.1,6.3
2011-01-02,0.00,0.00,21.0,7.6
2011-01-03,0.10,0.10,21.0,7.6
2011-01-04,0.00,0.00,22.0,8.5
2011-01-05,0.00,0.00,23.2,9.2
2011-01-06,0.00,0.00,22.7,8.7
2011-01-07,0.00,0.00,22.6,6.2
2011-01-08,0.00,0.00,22.6,6.5
2011-01-09,0.00,0.00,21.8,4.7
2011-01-10,0.00,0.00,22.8,3.5
2011-01-11,0.00,0.00,20.4,8.8
2011-01-12,0.00,0.00,17.8,6.2
2011-01-13,0.30,0.30,17.1,5.5
2011-01-14,0.00,0.00,17.2,5.1
2011-01-15,0.10,0.10,18.1,6.7
2011-01-16,0.00,0.00,20.5,5.8
2011-01-17,0.00,0.00,20.5,5.8
2011-01-18,0.00,0.00,22.1,4.3
2011-01-19,0.00,0.00,22.2,7.5
2011-01-20,0.00,0.00,23.3,6.3
2011-01-21,0.00,0.00,22.5,7.6
2011-01-22,0.00,0.00,22.4,8.5
2011-01-23,0.00,0.00,21.2,4.5
2011-01-24,0.40,0.40,20.7,4.3
2011-01-25,0.00,0.00,21.5,5.6
2011-01-26,0.00,0.00,21.0,8.5
2011-01-27,0.00,0.00,21.9,7.2
2011-01-28,0.00,0.00,21.2,8.8
2011-01-29,0.00,0.00,21.6,7.3
2011-01-30,0.00,0.00,22.5,6.7
2011-01-31,0.00,0.00,22.6,5.9
2011-02-01,0.00,0.00,23.1,5.5
2011-02-02,0.00,0.00,22.6,6.6
2011-02-03,0.00,0.00,20.6,5.7
2011-02-04,0.00,0.00,20.0,5.7
2011-02-05,0.50,0.50,19.7,8.8
2011-02-06,0.00,0.00,21.2,8.6
2011-02-07,0.00,0.00,23.1,8.5
2011-02-08,0.20,0.20,22.1,6.8
2011-02-09,0.00,0.00,23.9,6.5
2011-02-10,0.00,0.00,22.8,10.3
2011-02-11,0.00,0.00,22.6,8.6
2011-02-12,0.00,0.00,19.7,8.2
2011-02-13,0.00,0.00,19.1,5.8
2011-02-14,0.00,0.00,21.7,6.3
2011-02-15,0.00,0.00,23.0,6.5
2011-02-16,0.00,0.00,23.9,4.9
2011-02-17,0.00,0.00,24.5,7.3
2011-02-18,0.00,0.00,24.2,7.2
2011-02-19,0.00,0.00,23.9,9.0
2011-02-20,0.00,0.00,24.3,6.4
2011-02-21,0.00,0.00,22.9,6.9
2011-02-22,0.00,0.00,24.3,8.7
2011-02-23,0.00,0.00,23.5,8.4
2011-02-24,0.00,0.00,24.0,7.6
2011-02-25,0.10,0.10,22.6,10.4
2011-02-26,0.00,0.00,23.3,8.7
2011-02-27,0.00,0.00,24.6,9.6
2011-02-28,0.00,0.00,26.2,11.5
2011-03-01,0.00,0.00,24.1,9.2
2011-03-02,0.00,0.00,25.5,9.3
2011-03-03,0.00,0.00,25.5,10.1
2011-03-04,0.00,0.00,26.0,8.9
2011-03-05,1.70,1.70,24.7,9.9
2011-03-06,1.90,1.90,20.7,10.5
2011-03-07,0.40,0.40,22.5,7.3
2011-03-08,0.00,0.00,24.4,7.2
2011-03-09,0.40,0.40,24.2,8.1
2011-03-10,0.70,0.70,18.6,7.2
2011-03-11,0.00,0.00,21.5,5.6
2011-03-12,0.00,0.00,23.3,7.2
2011-03-13,0.00,0.00,22.3,8.4
2011-03-14,4.80,4.80,22.0,8.8
2011-03-15,5.20,5.20,19.4,9.2
2011-03-16,0.40,0.40,21.7,9.1
2011-03-17,0.00,0.00,22.2,9.6
2011-03-18,0.00,0.00,23.9,9.4
2011-03-19,0.00,0.00,24.8,8.8
2011-03-20,0.00,0.00,26.2,9.5
2011-03-21,0.00,0.00,24.6,8.0
2011-03-22,0.00,0.00,25.0,6.7
2011-03-23,0.00,0.00,26.4,9.6
2011-03-24,0.00,0.00,26.4,8.6
2011-03-25,0.00,0.00,27.4,8.6
2011-03-26,1.20,1.20,27.2,10.0
2011-03-27,2.60,2.60,27.1,11.5
2011-03-28,0.00,0.00,27.1,10.5
2011-03-29,0.80,0.80,26.7,11.2
2011-03-30,0.00,0.00,27.2,12.3
2011-03-31,0.00,0.00,26.0,11.5
2011-04-01,0.00,0.00,25.6,9.6
2011-04-02,0.20,0.20,25.5,11.8
2011-04-03,1.40,1.40,25.6,9.3
2011-04-04,0.00,0.00,25.2,10.0
2011-04-05,0.00,0.00,25.3,10.3
2011-04-06,0.00,0.00,26.0,13.0
2011-04-07,0.30,0.30,26.1,11.2
2011-04-08,0.60,0.60,28.2,11.6
2011-04-09,0.00,0.00,28.7,11.3
2011-04-10,0.00,0.00,28.4,11.1
2011-04-11,0.70,0.70,29.4,12.7
2011-04-12,0.10,0.10,25.9,12.9
2011-04-13,0.00,0.00,28.5,12.7
2011-04-14,0.00,0.00,29.2,13.6
2011-04-15,7.70,7.70,27.7,12.1
2011-04-16,6.10,6.10,22.9,11.8
2011-04-17,14.40,14.40,21.6,10.2
2011-04-18,0.80,0.80,23.3,10.5
2011-04-19,1.70,1.70,24.2,10.2
2011-04-20,0.00,0.00,24.3,9.1
2011-04-21,0.00,0.00,24.9,11.1
2011-04-22,0.00,0.00,24.3,10.9
2011-04-23,0.00,0.00,25.5,10.7
2011-04-24,0.00,0.00,24.7,10.3
2011-04-25,0.00,0.00,27.6,12.0
2011-04-26,2.70,2.70,27.0,12.0
2011-04-27,0.10,0.10,28.0,11.2
2011-04-28,0.00,0.00,26.3,11.0
2011-04-29,0.00,0.00,26.3,11.5
2011-04-30,0.00,0.00,26.1,13.0
2011-05-01,0.00,0.00,27.0,13.2
2011-05-02,0.00,0.00,27.1,13.5
2011-05-03,3.10,3.10,20.9,13.0
2011-05-04,0.00,0.00,23.0,8.9
2011-05-05,0.00,0.00,24.0,12.0
2011-05-06,0.10,0.10,24.5,11.4
2011-05-07,0.00,0.00,26.7,13.1
2011-05-08,0.00,0.00,27.1,14.6
2011-05-09,0.70,0.70,26.6,13.8
2011-05-10,4.20,4.20,26.8,13.2
2011-05-11,0.90,0.90,24.9,12.7
2011-05-12,1.80,1.80,26.8,13.6
2011-05-13,0.20,0.20,27.0,14.8
2011-05-14,3.70,3.70,26.7,15.5
2011-05-15,1.80,1.80,26.8,11.8
2011-05-16,0.00,0.00,27.0,12.7
2011-05-17,0.10,0.10,27.4,12.6
2011-05-18,0.30,0.30,25.8,10.8
2011-05-19,0.00,0.00,25.8,11.3
2011-05-20,0.00,0.00,26.2,12.0
2011-05-21,1.70,1.70,26.4,13.4
2011-05-22,0.00,0.00,26.9,11.8
2011-05-23,0.00,0.00,29.3,13.3
2011-05-24,0.00,0.00,30.7,11.1
2011-05-25,0.00,0.00,30.0,12.8
2011-05-26,0.00,0.00,30.6,16.3
2011-05-27,0.00,0.00,30.6,16.5
2011-05-28,0.00,0.00,30.8,13.9
2011-05-29,0.00,0.00,30.2,13.8
2011-05-30,0.20,0.20,27.9,14.9
2011-05-31,1.10,1.10,26.8,13.5
2011-06-01,0.00,0.00,22.9,10.3
2011-06-02,0.00,0.00,25.3,9.3
2011-06-03,0.00,0.00,26.3,11.6
2011-06-04,0.00,0.00,25.9,10.9
2011-06-05,0.00,0.00,23.0,11.0
2011-06-06,0.00,0.00,25.7,11.5
2011-06-07,0.00,0.00,27.0,10.6
2011-06-08,0.00,0.00,27.8,11.2
2011-06-09,0.00,0.00,27.5,12.6
2011-06-10,0.00,0.00,27.6,12.7
2011-06-11,0.00,0.00,27.7,11.4
2011-06-12,0.00,0.00,27.4,13.5
2011-06-13,0.00,0.00,26.4,11.8
2011-06-14,0.00,0.00,26.4,14.2
2011-06-15,0.00,0.00,27.6,12.8
2011-06-16,0.20,0.20,28.0,14.2
2011-06-17,0.00,0.00,28.2,15.8
2011-06-18,0.00,0.00,27.8,13.8
2011-06-19,0.00,0.00,27.5,13.3
2011-06-20,5.00,5.00,23.1,14.7
2011-06-21,7.70,7.70,18.7,14.3
2011-06-22,14.00,14.00,22.1,14.5
2011-06-23,9.20,9.20,21.6,14.8
2011-06-24,4.00,4.00,21.6,12.6
2011-06-25,26.20,26.20,22.0,14.2
2011-06-26,16.80,16.80,20.5,13.3
2011-06-27,3.90,3.90,21.3,13.2
2011-06-28,5.00,5.00,19.0,12.6
2011-06-29,21.30,21.30,18.6,13.3
2011-06-30,44.80,44.80,15.9,13.4
2011-07-01,12.20,12.20,18.7,14.5
2011-07-02,27.30,27.30,17.3,13.7
2011-07-03,9.80,9.80,19.5,12.2
2011-07-04,2.50,2.50,19.3,11.0
2011-07-05,0.90,0.90,20.7,11.7
2011-07-06,1.40,1.40,21.1,13.2
2011-07-07,6.40,6.40,20.9,13.6
2011-07-08,5.00,5.00,21.3,11.5
2011-07-09,6.30,6.30,19.2,12.6
2011-07-10,19.40,19.40,20.8,13.2
2011-07-11,3.80,3.80,20.7,12.4
2011-07-12,4.60,4.60,20.6,12.5
2011-07-13,15.60,15.60,19.3,12.3
2011-07-14,21.00,21.00,17.4,12.3
2011-07-15,10.00,10.00,20.0,12.9
2011-07-16,3.50,3.50,18.4,13.0
2011-07-17,9.40,9.40,18.8,12.9
2011-07-18,2.80,2.80,21.4,12.9
2011-07-19,1.80,1.80,20.5,12.0
2011-07-20,3.80,3.80,21.7,12.4
2011-07-21,5.00,5.00,22.4,11.7
2011-07-22,4.30,4.30,21.1,11.2
2011-07-23,0.80,0.80,21.8,9.7
2011-07-24,3.80,3.80,21.4,11.8
2011-07-25,1.10,1.10,20.8,11.3
2011-07-26,3.60,3.60,21.2,12.4
2011-07-27,1.40,1.40,20.9,10.7
2011-07-28,5.20,5.20,21.1,9.9
2011-07-29,3.50,3.50,20.8,13.6
2011-07-30,3.20,3.20,19.6,13.2
2011-07-31,1.70,1.70,19.2,11.3
2011-08-01,2.30,2.30,18.8,12.2
2011-08-02,0.20,0.20,21.0,12.8
2011-08-03,3.00,3.00,20.3,12.1
2011-08-04,4.50,4.50,22.5,13.3
2011-08-05,4.70,4.70,22.9,10.9
2011-08-06,3.10,3.10,21.7,11.2
2011-08-07,10.70,10.70,21.5,11.8
2011-08-08,2.40,2.40,21.5,12.4
2011-08-09,8.40,8.40,22.3,11.4
2011-08-10,0.20,0.20,23.0,11.7
2011-08-11,0.20,0.20,24.0,11.1
2011-08-12,0.50,0.50,21.9,10.9
2011-08-13,4.10,4.10,21.4,12.9
2011-08-14,1.80,1.80,21.1,11.1
2011-08-15,0.70,0.70,22.1,12.6
2011-08-16,6.60,6.60,20.7,12.8
2011-08-17,0.00,0.00,23.0,13.5
2011-08-18,1.00,1.00,23.0,12.3
2011-08-19,0.00,0.00,22.8,10.9
2011-08-20,0.00,0.00,23.2,10.8
2011-08-21,0.60,0.60,23.2,12.3
2011-08-22,7.10,7.10,19.6,13.3
2011-08-23,12.80,12.80,21.5,13.2
2011-08-24,4.90,4.90,22.2,13.4
2011-08-25,0.90,0.90,21.4,12.8
2011-08-26,13.10,13.10,20.9,13.4
2011-08-27,4.70,4.70,20.5,13.3
2011-08-28,6.20,6.20,21.0,13.1
2011-08-29,13.50,13.50,19.4,13.2
2011-08-30,12.30,12.30,20.1,12.7
2011-08-31,25.10,25.10,19.2,14.0
2011-09-01,9.10,9.10,19.6,13.8
2011-09-02,30.40,30.40,21.2,14.2
2011-09-03,8.80,8.80,20.2,13.8
2011-09-04,24.50,24.50,20.3,12.0
2011-09-05,11.20,11.20,19.6,12.1
2011-09-06,3.10,3.10,17.9,11.5
2011-09-07,0.00,0.00,19.4,9.2
2011-09-08,0.00,0.00,18.3,6.4
2011-09-09,0.00,0.00,18.2,6.1
2011-09-10,0.00,0.00,19.1,6.7
2011-09-11,2.00,2.00,15.3,8.8
2011-09-12,0.20,0.20,20.9,12.5
2011-09-13,0.00,0.00,22.3,11.3
2011-09-14,0.00,0.00,23.4,10.2
2011-09-15,1.90,1.90,21.0,11.0
2011-09-16,7.00,7.00,20.9,13.5
2011-09-17,0.20,0.20,21.7,12.7
2011-09-18,0.00,0.00,23.0,10.4
2011-09-19,0.00,0.00,22.4,9.5
2011-09-20,0.00,0.00,21.0,10.2
2011-09-21,0.00,0.00,21.1,10.3
2011-09-22,3.00,3.00,20.5,11.8
2011-09-23,9.40,9.40,19.2,12.8
2011-09-24,0.30,0.30,20.6,11.8
2011-09-25,0.00,0.00,22.8,11.2
2011-09-26,0.00,0.00,23.5,10.9
2011-09-27,0.00,0.00,24.1,12.6
2011-09-28,0.00,0.00,24.0,11.3
2011-09-29,0.00,0.00,23.5,10.3
2011-09-30,2.50,2.50,21.3,10.1
2011-10-01,4.00,4.00,17.9,11.9
2011-10-02,0.90,0.90,17.0,10.9
2011-10-03,0.00,0.00,19.3,10.5
2011-10-04,0.00,0.00,20.9,10.6
2011-10-05,0.40,0.40,21.7,11.7
2011-10-06,4.30,4.30,20.6,11.3
2011-10-07,6.00,6.00,20.5,11.8
2011-10-08,0.90,0.90,20.0,11.4
2011-10-09,12.70,12.70,19.3,12.0
2011-10-10,17.90,17.90,18.6,12.7
2011-10-11,17.50,17.50,18.9,13.5
2011-10-12,1.70,1.70,19.8,12.1
2011-10-13,9.30,9.30,17.4,12.4
2011-10-14,0.00,0.00,18.4,9.2
2011-10-15,0.00,0.00,19.5,8.6
2011-10-16,0.00,0.00,19.4,8.0
2011-10-17,0.00,0.00,20.6,9.6
2011-10-18,0.00,0.00,21.5,8.7
2011-10-19,0.60,0.60,18.9,8.9
2011-10-20,0.00,0.00,21.3,8.9
2011-10-21,0.00,0.00,21.9,10.2
2011-10-22,0.00,0.00,19.9,6.9
2011-10-23,0.00,0.00,19.4,4.1
2011-10-24,0.00,0.00,19.1,5.7
2011-10-25,0.00,0.00,19.3,4.2
2011-10-26,0.00,0.00,21.0,4.5
2011-10-27,0.00,0.00,22.5,4.8
2011-10-28,0.00,0.00,21.9,8.8
2011-10-29,0.00,0.00,20.6,7.5
2011-10-30,0.00,0.00,22.3,7.3
2011-10-31,0.00,0.00,20.5,6.4
2011-11-01,0.00,0.00,21.0,4.9
2011-11-02,0.00,0.00,22.2,8.1
2011-11-03,1.20,1.20,20.9,8.9
2011-11-04,3.40,3.40,19.7,10.9
2011-11-05,0.00,0.00,20.5,7.5
2011-11-06,0.00,0.00,21.7,12.9
2011-11-07,2.40,2.40,21.9,11.1
2011-11-08,1.50,1.50,22.4,13.3
2011-11-09,10.60,10.60,20.6,12.0
2011-11-10,9.30,9.30,18.1,8.8
2011-11-11,0.20,0.20,17.3,8.5
2011-11-12,0.00,0.00,21.4,10.2
2011-11-13,0.00,0.00,21.8,8.9
2011-11-14,0.00,0.00,22.5,10.1
2011-11-15,0.00,0.00,22.0,7.0
2011-11-16,0.00,0.00,22.5,9.0
2011-11-17,0.40,0.40,19.0,9.6
2011-11-18,0.20,0.20,18.8,9.5
2011-11-19,0.00,0.00,21.0,9.3
2011-11-20,0.00,0.00,21.6,9.7
2011-11-21,0.00,0.00,22.6,11.4
2011-11-22,0.00,0.00,23.7,11.2
2011-11-23,0.00,0.00,20.5,8.9
2011-11-24,0.00,0.00,20.7,9.4
2011-11-25,0.00,0.00,21.5,9.4
2011-11-26,2.10,2.10,18.0,11.0
2011-11-27,10.00,10.00,14.1,4.6
2011-11-28,0.40,0.40,14.1,3.1
2011-11-29,0.00,0.00,17.3,4.6
2011-11-30,0.00,0.00,17.9,5.7
2011-12-01,0.00,0.00,20.8,5.8
2011-12-02,0.00,0.00,21.8,7.4
2011-12-03,0.00,0.00,22.6,7.9
2011-12-04,0.00,0.00,23.5,9.6
2011-12-05,0.00,0.00,23.6,9.4
2011-12-06,0.00,0.00,21.7,10.1
2011-12-07,0.00,0.00,21.0,9.4
2011-12-08,0.00,0.00,20.9,6.8
2011-12-09,0.00,0.00,21.1,7.5
2011-12-10,0.00,0.00,19.8,7.8
2011-12-11,0.00,0.00,19.2,7.2
2011-12-12,0.00,0.00,20.7,7.9
2011-12-13,0.00,0.00,21.8,8.7
2011-12-14,0.00,0.00,22.5,8.9
2011-12-15,0.00,0.00,22.2,7.3
2011-12-16,0.00,0.00,22.4,9.5
2011-12-17,0.00,0.00,20.6,9.9
2011-12-18,0.00,0.00,20.0,8.7
2011-12-19,0.00,0.00,21.1,9.0
2011-12-20,0.00,0.00,21.4,7.4
2011-12-21,0.00,0.00,21.7,7.0
2011-12-22,0.00,0.00,22.1,7.4
2011-12-23,0.00,0.00,22.1,9.2
2011-12-24,0.00,0.00,22.1,8.2
2011-12-25,0.00,0.00,21.6,10.0
2011-12-26,0.00,0.00,21.4,8.9
2011-12-27,0.00,0.00,21.7,9.5
2011-12-28,0.00,0.00,21.4,8.3
2011-12-29,0.00,0.00,20.1,9.7
2011-12-30,0.80,0.80,21.0,9.4
2011-12-31,10.10,10.10,20.1,8.7
2012-01-01,1.00,1.00,20.1,8.3
2012-01-02,1.60,1.60,13.3,5.8
2012-01-03,0.00,0.00,15.6,4.2
2012-01-04,0.00,0.00,18.7,5.8
2012-01-05,0.10,0.10,17.8,8.0
2012-01-06,0.00,0.00,19.7,7.1
2012-01-07,0.00,0.00,20.0,6.2
2012-01-08,0.00,0.00,21.5,5.1
2012-01-09,0.00,0.00,21.2,4.2
2012-01-10,0.00,0.00,21.4,4.3
2012-01-11,0.00,0.00,22.0,6.0
2012-01-12,0.00,0.00,21.8,7.4
2012-01-13,0.00,0.00,20.3,7.0
2012-01-14,5.90,5.90,19.1,9.5
2012-01-15,0.80,0.80,17.3,7.9
2012-01-16,0.00,0.00,18.8,6.7
2012-01-17,0.00,0.00,21.1,9.6
2012-01-18,0.00,0.00,21.3,10.6
2012-01-19,0.00,0.00,20.9,8.1
2012-01-20,0.00,0.00,21.8,7.4
2012-01-21,0.00,0.00,22.8,8.9
2012-01-22,0.00,0.00,23.5,7.9
2012-01-23,0.00,0.00,23.0,8.6
2012-01-24,0.30,0.30,22.1,8.2
2012-01-25,0.00,0.00,21.3,6.2
2012-01-26,0.00,0.00,20.8,7.0
2012-01-27,0.00,0.00,20.4,6.2
2012-01-28,2.40,2.40,20.5,6.7
2012-01-29,10.10,10.10,15.8,7.5
2012-01-30,0.30,0.30,17.0,8.5
2012-01-31,8.20,8.20,18.4,9.4
2012-02-01,2.00,2.00,18.0,6.7
2012-02-02,9.60,9.60,18.7,8.2
2012-02-03,0.00,0.00,19.8,5.4
2012-02-04,0.30,0.30,21.4,7.4
2012-02-05,12.20,12.20,17.7,8.9
2012-02-06,9.60,9.60,16.4,5.2
2012-02-07,6.10,6.10,15.8,6.6
2012-02-08,5.70,5.70,16.4,5.7
2012-02-09,5.30,5.30,17.1,6.4
2012-02-10,6.40,6.40,12.4,6.1
2012-02-11,1.90,1.90,17.2,6.1
2012-02-12,0.00,0.00,15.8,9.4
2012-02-13,0.10,0.10,17.4,10.5
2012-02-14,4.50,4.50,18.4,9.2
2012-02-15,3.50,3.50,18.2,8.5
2012-02-16,0.00,0.00,20.6,6.8
2012-02-17,0.00,0.00,21.4,7.5
2012-02-18,0.60,0.60,21.5,7.4
2012-02-19,0.00,0.00,21.9,8.4
2012-02-20,1.20,1.20,21.9,6.9
2012-02-21,0.00,0.00,22.2,10.5
2012-02-22,2.10,2.10,21.9,9.0
2012-02-23,0.00,0.00,23.4,6.3
2012-02-24,1.10,1.10,22.5,8.4
2012-02-25,6.30,6.30,21.3,9.9
2012-02-26,0.50,0.50,20.8,5.7
2012-02-27,0.30,0.30,23.0,8.6
2012-02-28,0.00,0.00,23.7,10.0
2012-02-29,0.00,0.00,25.0,9.0
2012-03-01,0.00,0.00,25.6,9.9
2012-03-02,0.00,0.00,26.9,10.3
2012-03-03,0.00,0.00,27.1,11.6
2012-03-04,0.20,0.20,20.5,7.7
2012-03-05,0.00,0.00,22.8,9.4
2012-03-06,0.00,0.00,23.2,8.1
2012-03-07,0.30,0.30,24.2,9.8
2012-03-08,0.00,0.00,25.8,12.3
2012-03-09,0.20,0.20,24.9,12.5
2012-03-10,7.80,7.80,22.5,11.3
2012-03-11,11.80,11.80,21.0,7.1
2012-03-12,2.50,2.50,22.8,7.7
2012-03-13,0.20,0.20,23.1,10.2
2012-03-14,0.00,0.00,23.3,9.6
2012-03-15,0.00,0.00,23.2,8.5
2012-03-16,0.10,0.10,22.5,10.1
2012-03-17,6.50,6.50,23.0,11.2
2012-03-18,3.80,3.80,20.8,7.8
2012-03-19,0.00,0.00,23.4,9.1
2012-03-20,0.00,0.00,23.1,6.2
2012-03-21,0.00,0.00,23.6,5.5
2012-03-22,0.00,0.00,23.6,6.0
2012-03-23,1.90,1.90,24.0,9.3
2012-03-24,0.80,0.80,22.4,8.0
2012-03-25,0.00,0.00,23.5,8.9
2012-03-26,0.00,0.00,22.1,10.3
2012-03-27,5.30,5.30,21.9,11.8
2012-03-28,3.50,3.50,21.1,7.7
2012-03-29,5.70,5.70,20.7,9.4
2012-03-30,0.80,0.80,21.2,9.2
2012-03-31,2.10,2.10,22.8,10.4
2012-04-01,1.30,1.30,21.9,9.5
2012-04-02,0.00,0.00,21.5,8.6
2012-04-03,0.00,0.00,22.5,7.6
2012-04-04,0.00,0.00,25.1,8.6
2012-04-05,0.00,0.00,24.7,10.4
2012-04-06,0.00,0.00,24.7,12.1
2012-04-07,0.00,0.00,25.6,12.6
2012-04-08,0.00,0.00,24.6,11.3
2012-04-09,0.30,0.30,22.0,10.1
2012-04-10,0.50,0.50,22.1,9.9
2012-04-11,1.30,1.30,23.2,11.0
2012-04-12,0.40,0.40,24.3,11.6
2012-04-13,5.10,5.10,24.3,8.2
2012-04-14,1.20,1.20,23.5,9.4
2012-04-15,0.00,0.00,24.5,10.1
2012-04-16,0.00,0.00,24.2,10.4
2012-04-17,3.30,3.30,22.0,12.5
2012-04-18,3.10,3.10,21.6,10.5
2012-04-19,0.00,0.00,23.0,9.8
2012-04-20,0.00,0.00,23.5,10.0
2012-04-21,0.40,0.40,22.9,10.0
2012-04-22,0.00,0.00,22.2,9.2
2012-04-23,0.00,0.00,22.4,6.8
2012-04-24,0.00,0.00,24.2,7.7
2012-04-25,0.00,0.00,25.0,10.3
2012-04-26,0.00,0.00,26.4,6.2
2012-04-27,0.00,0.00,28.3,9.3
2012-04-28,0.00,0.00,28.4,9.8
2012-04-29,0.30,0.30,27.6,12.8
2012-04-30,10.20,10.20,28.1,14.4
2012-05-01,3.90,3.90,27.1,10.9
2012-05-02,0.30,0.30,27.2,12.8
2012-05-03,0.90,0.90,27.0,12.1
2012-05-04,0.20,0.20,26.1,14.1
2012-05-05,4.90,4.90,23.9,12.1
2012-05-06,0.00,0.00,25.1,11.4
2012-05-07,0.00,0.00,24.8,12.1
2012-05-08,4.30,4.30,25.2,12.8
2012-05-09,8.40,8.40,23.0,11.9
2012-05-10,6.00,6.00,22.1,12.3
2012-05-11,0.00,0.00,22.5,10.5
2012-05-12,7.20,7.20,23.1,9.8
2012-05-13,4.80,4.80,18.6,11.9
2012-05-14,0.00,0.00,20.9,9.2
2012-05-15,0.00,0.00,23.0,10.2
2012-05-16,0.00,0.00,22.0,10.1
2012-05-17,0.10,0.10,20.7,11.6
2012-05-18,0.00,0.00,24.3,13.1
2012-05-19,0.00,0.00,26.1,9.9
2012-05-20,0.00,0.00,25.5,10.7
2012-05-21,0.00,0.00,23.6,7.1
2012-05-22,0.00,0.00,24.8,10.0
2012-05-23,0.00,0.00,27.2,11.9
2012-05-24,0.30,0.30,26.6,10.2
2012-05-25,0.20,0.20,25.8,14.6
2012-05-26,0.00,0.00,27.5,12.2
2012-05-27,0.40,0.40,26.4,12.3
2012-05-28,0.00,0.00,27.7,11.5
2012-05-29,0.00,0.00,28.3,11.5
2012-05-30,0.00,0.00,28.5,8.3
2012-05-31,0.00,0.00,30.5,9.1
2012-06-01,1.50,1.50,28.3,10.7
2012-06-02,2.40,2.40,25.1,14.3
2012-06-03,19.50,19.50,22.7,13.0
2012-06-04,3.70,3.70,23.0,10.1
2012-06-05,0.40,0.40,23.6,9.7
2012-06-06,0.50,0.50,23.9,12.0
2012-06-07,0.00,0.00,24.5,11.7
2012-06-08,3.20,3.20,23.6,14.0
2012-06-09,0.00,0.00,26.5,8.8
2012-06-10,0.00,0.00,27.9,10.6
2012-06-11,0.00,0.00,27.9,13.6
2012-06-12,0.00,0.00,28.2,13.6
2012-06-13,1.00,1.00,26.2,14.0
2012-06-14,1.10,1.10,24.9,14.0
2012-06-15,0.30,0.30,25.4,13.9
2012-06-16,16.10,16.10,18.9,13.6
2012-06-17,19.80,19.80,18.9,12.4
2012-06-18,3.50,3.50,21.3,13.0
2012-06-19,9.70,9.70,18.8,12.2
2012-06-20,5.50,5.50,17.6,12.2
2012-06-21,1.60,1.60,18.6,11.6
2012-06-22,16.80,16.80,20.4,12.5
2012-06-23,16.70,16.70,20.8,13.1
2012-06-24,10.60,10.60,21.2,14.2
2012-06-25,0.00,0.00,20.3,11.7
2012-06-26,0.20,0.20,20.3,11.4
2012-06-27,4.10,4.10,20.3,13.1
2012-06-28,7.60,7.60,20.5,12.8
2012-06-29,4.70,4.70,21.9,11.3
2012-06-30,10.10,10.10,19.8,11.9
2012-07-01,5.20,5.20,18.7,13.0
2012-07-02,1.70,1.70,20.3,10.4
2012-07-03,7.30,7.30,20.7,10.4
2012-07-04,5.00,5.00,20.2,11.2
2012-07-05,2.30,2.30,20.6,11.9
2012-07-06,1.70,1.70,20.6,11.0
2012-07-07,1.00,1.00,20.6,10.8
2012-07-08,0.00,0.00,21.7,11.4
2012-07-09,0.70,0.70,21.2,12.6
2012-07-10,12.60,12.60,20.3,12.5
2012-07-11,2.80,2.80,19.8,12.2
2012-07-12,8.90,8.90,19.7,13.3
2012-07-13,18.30,18.30,19.8,12.2
2012-07-14,18.30,18.30,17.6,13.4
2012-07-15,11.00,11.00,18.8,11.7
2012-07-16,11.50,11.50,20.3,11.3
2012-07-17,10.90,10.90,19.9,9.3
2012-07-18,14.00,14.00,19.8,10.8
2012-07-19,2.50,2.50,20.1,11.2
2012-07-20,3.90,3.90,20.4,12.3
2012-07-21,0.50,0.50,20.8,11.3
2012-07-22,0.00,0.00,20.3,11.6
2012-07-23,3.70,3.70,20.7,11.7
2012-07-24,12.30,12.30,20.8,12.4
2012-07-25,4.20,4.20,20.5,12.1
2012-07-26,1.70,1.70,20.2,11.0
2012-07-27,3.00,3.00,21.2,11.1
2012-07-28,1.90,1.90,21.1,11.2
2012-07-29,1.00,1.00,20.9,10.7
2012-07-30,0.30,0.30,22.3,10.9
2012-07-31,0.00,0.00,23.2,12.9
2012-08-01,0.00,0.00,22.5,11.6
2012-08-02,1.70,1.70,22.7,12.7
2012-08-03,1.70,1.70,21.8,11.9
2012-08-04,3.70,3.70,22.7,12.6
2012-08-05,0.30,0.30,22.3,12.5
2012-08-06,1.70,1.70,21.5,12.2
2012-08-07,0.30,0.30,22.4,11.3
2012-08-08,0.00,0.00,24.3,11.7
2012-08-09,11.10,11.10,17.9,11.6
2012-08-10,49.50,49.50,16.5,12.2
2012-08-11,11.60,11.60,18.1,12.1
2012-08-12,17.70,17.70,18.6,12.9
2012-08-13,21.80,21.80,19.6,13.2
2012-08-14,5.50,5.50,20.3,14.1
2012-08-15,0.00,0.00,22.4,13.4
2012-08-16,2.10,2.10,21.8,13.2
2012-08-17,1.30,1.30,18.5,12.4
2012-08-18,7.60,7.60,18.4,12.2
2012-08-19,1.10,1.10,18.6,13.1
2012-08-20,9.40,9.40,19.9,12.8
2012-08-21,10.00,10.00,18.9,10.6
2012-08-22,4.60,4.60,18.6,12.2
2012-08-23,11.70,11.70,20.0,12.8
2012-08-24,16.00,16.00,19.7,12.2
2012-08-25,14.50,14.50,20.0,12.0
2012-08-26,5.00,5.00,20.9,13.0
2012-08-27,0.00,0.00,21.6,12.4
2012-08-28,0.60,0.60,20.7,12.5
2012-08-29,0.00,0.00,21.8,10.9
2012-08-30,0.10,0.10,22.2,12.8
2012-08-31,0.30,0.30,21.7,13.5
2012-09-01,2.10,2.10,19.3,13.3
2012-09-02,4.10,4.10,21.7,12.0
2012-09-03,0.00,0.00,22.5,11.3
2012-09-04,0.30,0.30,21.5,10.4
2012-09-05,0.00,0.00,22.7,9.6
2012-09-06,0.00,0.00,22.9,12.5
2012-09-07,0.00,0.00,23.5,10.8
2012-09-08,2.00,2.00,22.8,10.1
2012-09-09,0.30,0.30,21.3,11.6
2012-09-10,0.10,0.10,21.7,12.4
2012-09-11,4.00,4.00,19.8,12.6
2012-09-12,0.50,0.50,20.0,12.4
2012-09-13,4.60,4.60,20.7,13.2
2012-09-14,0.30,0.30,22.2,11.7
2012-09-15,2.10,2.10,21.9,12.3
2012-09-16,8.80,8.80,20.5,12.9
2012-09-17,19.60,19.60,20.8,11.0
2012-09-18,0.50,0.50,20.8,10.8
2012-09-19,0.00,0.00,19.8,9.5
2012-09-20,0.00,0.00,20.0,9.8
2012-09-21,0.00,0.00,20.1,9.2
2012-09-22,0.00,0.00,20.6,11.5
2012-09-23,0.10,0.10,20.2,10.5
2012-09-24,7.60,7.60,18.8,12.4
2012-09-25,0.70,0.70,20.4,11.5
2012-09-26,4.90,4.90,19.8,12.2
2012-09-27,9.70,9.70,21.2,12.5
2012-09-28,7.80,7.80,20.6,12.5
2012-09-29,5.20,5.20,20.8,12.3
2012-09-30,4.20,4.20,20.5,13.0
2012-10-01,0.20,0.20,20.4,12.4
2012-10-02,0.20,0.20,18.5,10.9
2012-10-03,0.00,0.00,20.1,7.1
2012-10-04,0.00,0.00,21.3,8.0
2012-10-05,0.00,0.00,21.5,9.3
2012-10-06,0.00,0.00,21.6,9.5
2012-10-07,0.00,0.00,22.1,10.2
2012-10-08,1.30,1.30,19.6,11.0
2012-10-09,0.20,0.20,20.8,11.3
2012-10-10,0.50,0.50,20.8,11.4
2012-10-11,0.00,0.00,22.0,12.0
2012-10-12,0.00,0.00,21.3,11.3
2012-10-13,0.00,0.00,22.3,11.6
2012-10-14,0.00,0.00,24.0,11.1
2012-10-15,0.00,0.00,23.0,9.7
2012-10-16,0.00,0.00,23.3,11.0
2012-10-17,0.00,0.00,23.5,12.2
2012-10-18,0.00,0.00,24.2,13.3
2012-10-19,0.00,0.00,24.1,13.6
2012-10-20,0.00,0.00,23.6,9.8
2012-10-21,0.00,0.00,24.0,10.6
2012-10-22,0.00,0.00,24.1,11.1
2012-10-23,0.00,0.00,23.6,11.3
2012-10-24,0.00,0.00,24.3,12.0
2012-10-25,0.00,0.00,24.8,9.6
2012-10-26,0.00,0.00,24.5,8.1
2012-10-27,0.00,0.00,22.2,8.5
2012-10-28,0.00,0.00,21.9,10.1
2012-10-29,0.20,0.20,21.0,10.9
2012-10-30,0.20,0.20,20.6,10.1
2012-10-31,0.00,0.00,21.1,7.0
2012-11-01,0.00,0.00,19.2,9.4
2012-11-02,4.90,4.90,18.5,11.0
2012-11-03,5.20,5.20,18.3,9.8
2012-11-04,12.30,12.30,17.4,11.4
2012-11-05,10.20,10.20,16.9,11.1
2012-11-06,1.80,1.80,16.9,10.2
2012-11-07,0.00,0.00,18.3,7.9
2012-11-08,0.00,0.00,19.3,7.6
2012-11-09,0.00,0.00,20.5,7.9
2012-11-10,0.00,0.00,22.0,8.1
2012-11-11,0.00,0.00,23.0,7.3
2012-11-12,0.20,0.20,21.5,11.5
2012-11-13,1.00,1.00,18.3,10.1
2012-11-14,0.00,0.00,19.0,8.9
2012-11-15,0.00,0.00,20.4,8.5
2012-11-16,0.00,0.00,20.8,8.6
2012-11-17,0.00,0.00,19.5,9.9
2012-11-18,0.00,0.00,21.3,7.6
2012-11-19,0.00,0.00,22.6,8.1
2012-11-20,0.00,0.00,21.3,5.1
2012-11-21,0.00,0.00,20.1,6.0
2012-11-22,0.00,0.00,19.6,8.7
2012-11-23,0.00,0.00,20.5,10.2
2012-11-24,0.00,0.00,17.7,8.4
2012-11-25,0.00,0.00,21.0,5.9
2012-11-26,0.00,0.00,22.2,7.6
2012-11-27,0.80,0.80,22.2,10.9
2012-11-28,0.00,0.00,19.3,8.4
2012-11-29,0.00,0.00,21.6,8.7
2012-11-30,0.00,0.00,21.2,10.3
2012-12-01,0.00,0.00,20.6,9.3
2012-12-02,0.00,0.00,21.4,8.3
2012-12-03,0.00,0.00,22.4,8.8
2012-12-04,0.00,0.00,21.7,10.1
2012-12-05,0.00,0.00,19.4,7.8
2012-12-06,0.00,0.00,21.3,5.8
2012-12-07,0.00,0.00,22.1,7.1
2012-12-08,0.00,0.00,22.5,7.9
2012-12-09,0.00,0.00,23.7,7.7
2012-12-10,0.00,0.00,23.9,8.6
2012-12-11,0.00,0.00,21.5,9.6
2012-12-12,0.70,0.70,22.3,10.0
2012-12-13,0.00,0.00,22.0,9.8
2012-12-14,0.00,0.00,23.1,8.2
2012-12-15,0.00,0.00,24.4,10.2
2012-12-16,0.00,0.00,25.0,9.2
2012-12-17,0.00,0.00,24.2,10.2
2012-12-18,0.00,0.00,22.8,10.0
2012-12-19,0.00,0.00,23.9,7.6
2012-12-20,0.00,0.00,22.5,7.4
2012-12-21,0.00,0.00,18.7,3.8
2012-12-22,0.00,0.00,20.7,5.2
2012-12-23,0.00,0.00,22.8,7.8
2012-12-24,0.00,0.00,23.7,7.2
2012-12-25,0.00,0.00,22.9,7.6
2012-12-26,0.00,0.00,21.7,8.7
2012-12-27,0.00,0.00,21.8,5.3
2012-12-28,0.00,0.00,22.5,4.5
2012-12-29,0.00,0.00,23.3,8.6
2012-12-30,0.00,0.00,21.9,6.4
2012-12-31,0.00,0.00,21.7,6.7
2013-01-01,0.00,0.00,21.3,7.0
2013-01-02,0.00,0.00,18.5,7.6
2013-01-03,0.00,0.00,19.4,7.0
2013-01-04,3.40,3.40,20.1,9.0
2013-01-05,5.90,5.90,20.1,5.6
2013-01-06,1.40,1.40,20.1,7.7
2013-01-07,0.50,0.50,19.2,6.2
2013-01-08,0.00,0.00,19.9,6.2
2013-01-09,0.00,0.00,20.9,7.8
2013-01-10,0.00,0.00,23.2,7.1
2013-01-11,0.00,0.00,23.3,9.8
2013-01-12,0.00,0.00,23.6,12.0
2013-01-13,0.00,0.00,23.4,8.4
2013-01-14,0.00,0.00,23.7,7.4
2013-01-15,0.00,0.00,23.8,8.9
2013-01-16,0.10,0.10,22.5,9.3
2013-01-17,0.20,0.20,15.6,6.2
2013-01-18,0.00,0.00,17.5,3.3
2013-01-19,0.00,0.00,20.1,6.3
2013-01-20,0.00,0.00,18.6,9.0
2013-01-21,3.10,3.10,13.7,9.8
2013-01-22,4.50,4.50,16.1,7.4
2013-01-23,1.70,1.70,17.1,10.0
2013-01-24,0.00,0.00,18.7,7.5
2013-01-25,0.00,0.00,20.6,6.5
2013-01-26,0.00,0.00,21.6,6.8
2013-01-27,0.00,0.00,22.2,6.1
2013-01-28,0.00,0.00,22.1,6.6
2013-01-29,0.00,0.00,22.9,8.0
2013-01-30,0.00,0.00,23.8,5.6
2013-01-31,0.00,0.00,23.9,8.2
2013-02-01,0.00,0.00,25.2,9.2
2013-02-02,0.00,0.00,25.0,9.0
2013-02-03,0.00,0.00,22.7,7.3
2013-02-04,0.50,0.50,22.5,7.0
2013-02-05,0.00,0.00,23.7,8.8
2013-02-06,0.00,0.00,24.5,9.7
2013-02-07,2.20,2.20,24.8,9.9
2013-02-08,0.60,0.60,24.3,11.3
2013-02-09,0.00,0.00,24.5,8.3
2013-02-10,0.00,0.00,24.2,8.4
2013-02-11,0.00,0.00,25.8,8.3
2013-02-12,0.00,0.00,26.0,9.5
2013-02-13,0.00,0.00,26.0,7.6
2013-02-14,0.00,0.00,24.6,7.5
2013-02-15,0.00,0.00,24.1,8.5
2013-02-16,0.00,0.00,20.2,7.2
2013-02-17,0.00,0.00,22.3,6.0
2013-02-18,0.00,0.00,25.3,8.3
2013-02-19,0.00,0.00,24.0,9.2
2013-02-20,0.00,0.00,25.8,8.1
2013-02-21,0.30,0.30,24.4,8.5
2013-02-22,0.00,0.00,25.3,8.1
2013-02-23,0.00,0.00,26.0,9.0
2013-02-24,0.00,0.00,25.4,7.4
2013-02-25,0.00,0.00,26.3,7.7
2013-02-26,0.00,0.00,25.8,10.1
2013-02-27,0.00,0.00,28.4,8.9
2013-02-28,0.20,0.20,26.6,11.6
2013-03-01,2.50,2.50,22.2,6.2
2013-03-02,0.10,0.10,13.3,4.8
2013-03-03,0.00,0.00,18.7,1.0
2013-03-04,0.00,0.00,22.2,4.6
2013-03-05,0.00,0.00,24.4,5.4
2013-03-06,0.00,0.00,23.2,6.4
2013-03-07,0.00,0.00,24.5,8.3
2013-03-08,0.00,0.00,25.6,11.2
2013-03-09,0.00,0.00,27.4,11.2
2013-03-10,0.00,0.00,25.0,8.7
2013-03-11,0.40,0.40,25.6,11.4
2013-03-12,0.00,0.00,26.2,9.3
2013-03-13,1.40,1.40,21.3,9.7
2013-03-14,1.80,1.80,16.8,8.1
2013-03-15,7.00,7.00,12.5,7.6
2013-03-16,2.20,2.20,14.1,7.6
2013-03-17,0.00,0.00,20.1,4.7
2013-03-18,0.00,0.00,21.6,7.4
2013-03-19,0.40,0.40,25.0,8.1
2013-03-20,0.00,0.00,25.2,10.2
2013-03-21,0.00,0.00,24.7,8.8
2013-03-22,0.00,0.00,25.1,9.3
2013-03-23,0.00,0.00,25.7,10.2
2013-03-24,0.00,0.00,26.4,11.6
2013-03-25,0.00,0.00,26.6,10.8
2013-03-26,1.10,1.10,21.9,7.3
2013-03-27,0.20,0.20,22.3,5.9
2013-03-28,2.00,2.00,24.3,12.7
2013-03-29,0.00,0.00,24.9,9.5
2013-03-30,0.00,0.00,26.7,10.1
2013-03-31,0.00,0.00,26.2,10.7
2013-04-01,0.20,0.20,26.9,12.2
2013-04-02,0.00,0.00,25.6,11.8
2013-04-03,0.00,0.00,26.7,9.6
2013-04-04,2.00,2.00,27.1,11.9
2013-04-05,0.20,0.20,22.6,10.4
2013-04-06,0.20,0.20,25.7,12.0
2013-04-07,1.30,1.30,25.9,11.3
2013-04-08,0.00,0.00,26.0,11.5
2013-04-09,0.00,0.00,27.7,10.6
2013-04-10,0.00,0.00,27.9,11.3
2013-04-11,0.00,0.00,27.0,10.7
2013-04-12,0.00,0.00,26.9,10.5
2013-04-13,0.00,0.00,26.6,8.5
2013-04-14,0.00,0.00,27.5,9.6
2013-04-15,0.00,0.00,29.4,10.8
2013-04-16,0.00,0.00,30.0,11.9
2013-04-17,0.00,0.00,29.2,13.4
2013-04-18,0.00,0.00,30.1,13.1
2013-04-19,0.00,0.00,27.4,12.2
2013-04-20,0.00,0.00,27.0,11.4
2013-04-21,0.00,0.00,27.3,12.2
2013-04-22,0.00,0.00,28.1,14.4
2013-04-23,3.10,3.10,26.7,11.9
2013-04-24,2.10,2.10,25.6,12.3
2013-04-25,12.50,12.50,24.1,14.5
2013-04-26,6.20,6.20,21.1,12.7
2013-04-27,0.00,0.00,24.3,12.3
2013-04-28,0.00,0.00,24.4,10.8
2013-04-29,0.00,0.00,24.8,11.1
2013-04-30,0.00,0.00,25.4,9.6
2013-05-01,0.00,0.00,27.8,10.5
2013-05-02,0.10,0.10,27.9,14.1
2013-05-03,3.00,3.00,23.5,13.1
2013-05-04,0.00,0.00,25.5,8.7
2013-05-05,0.00,0.00,27.3,9.1
2013-05-06,0.00,0.00,25.8,10.8
2013-05-07,0.00,0.00,26.6,11.0
2013-05-08,0.00,0.00,27.0,10.6
2013-05-09,0.00,0.00,27.3,11.9
2013-05-10,0.00,0.00,26.8,11.5
2013-05-11,0.20,0.20,27.0,13.5
2013-05-12,16.60,16.60,24.5,13.9
2013-05-13,20.50,20.50,20.4,12.7
2013-05-14,7.20,7.20,20.8,11.0
2013-05-15,4.00,4.00,21.8,10.7
2013-05-16,1.90,1.90,23.5,12.9
2013-05-17,1.20,1.20,25.3,10.7
2013-05-18,1.50,1.50,24.8,13.7
2013-05-19,0.80,0.80,25.8,14.3
2013-05-20,2.00,2.00,25.4,11.3
2013-05-21,0.00,0.00,26.5,11.7
2013-05-22,0.00,0.00,26.6,13.2
2013-05-23,1.30,1.30,25.2,12.1
2013-05-24,0.00,0.00,24.1,14.2
2013-05-25,1.60,1.60,22.6,12.8
2013-05-26,4.90,4.90,21.3,13.5
2013-05-27,2.80,2.80,21.3,11.9
2013-05-28,0.80,0.80,22.5,10.1
2013-05-29,0.30,0.30,23.9,13.5
2013-05-30,1.10,1.10,24.7,12.7
2013-05-31,0.00,0.00,25.1,12.2
2013-06-01,0.00,0.00,25.5,12.6
2013-06-02,1.90,1.90,23.8,13.1
2013-06-03,0.00,0.00,24.8,12.5
2013-06-04,0.00,0.00,26.8,12.1
2013-06-05,0.00,0.00,27.3,11.6
2013-06-06,0.00,0.00,28.2,10.7
2013-06-07,0.00,0.00,28.0,12.6
2013-06-08,0.10,0.10,27.2,12.0
2013-06-09,5.10,5.10,24.3,14.2
2013-06-10,27.60,27.60,22.4,13.2
2013-06-11,5.20,5.20,20.0,13.6
2013-06-12,14.10,14.10,22.7,11.5
2013-06-13,12.00,12.00,21.2,12.3
2013-06-14,6.60,6.60,21.3,12.7
2013-06-15,8.10,8.10,22.0,11.8
2013-06-16,0.10,0.10,23.7,13.7
2013-06-17,0.00,0.00,23.4,13.3
2013-06-18,0.00,0.00,24.8,13.2
2013-06-19,0.40,0.40,22.2,12.1
2013-06-20,23.00,23.00,16.5,13.0
2013-06-21,32.60,32.60,17.6,13.3
2013-06-22,17.20,17.20,19.2,12.4
2013-06-23,15.50,15.50,20.4,13.1
2013-06-24,16.80,16.80,21.0,13.5
2013-06-25,8.00,8.00,20.4,13.8
2013-06-26,3.20,3.20,21.2,13.3
2013-06-27,0.70,0.70,21.8,11.9
2013-06-28,0.00,0.00,21.1,11.7
2013-06-29,0.50,0.50,21.2,12.1
2013-06-30,0.00,0.00,21.7,10.3
2013-07-01,0.00,0.00,23.3,9.9
2013-07-02,0.20,0.20,22.9,11.0
2013-07-03,0.10,0.10,22.2,11.2
2013-07-04,1.00,1.00,21.2,13.2
2013-07-05,17.20,17.20,19.5,14.1
2013-07-06,6.70,6.70,19.9,12.9
2013-07-07,15.10,15.10,19.7,13.5
2013-07-08,9.70,9.70,19.3,13.3
2013-07-09,0.00,0.00,21.6,11.8
2013-07-10,2.30,2.30,20.4,12.0
2013-07-11,1.90,1.90,19.9,12.3
2013-07-12,7.50,7.50,18.5,12.7
2013-07-13,9.80,9.80,20.2,11.4
2013-07-14,2.80,2.80,20.4,11.6
2013-07-15,0.90,0.90,21.1,9.9
2013-07-16,1.00,1.00,21.1,12.9
2013-07-17,8.30,8.30,20.6,12.6
2013-07-18,3.80,3.80,20.2,12.3
2013-07-19,8.70,8.70,20.0,12.6
2013-07-20,5.00,5.00,20.9,13.2
2013-07-21,5.60,5.60,21.3,12.8
2013-07-22,7.60,7.60,20.6,10.8
2013-07-23,0.70,0.70,21.9,12.0
2013-07-24,5.60,5.60,22.2,13.5
2013-07-25,1.80,1.80,21.5,12.5
2013-07-26,0.30,0.30,22.3,11.1
2013-07-27,0.00,0.00,22.6,10.1
2013-07-28,0.70,0.70,21.8,12.7
2013-07-29,0.00,0.00,23.1,10.1
2013-07-30,0.00,0.00,23.6,12.1
2013-07-31,0.00,0.00,22.6,12.3
2013-08-01,2.00,2.00,21.7,13.0
2013-08-02,0.00,0.00,23.4,12.4
2013-08-03,9.90,9.90,22.0,12.7
2013-08-04,0.80,0.80,22.5,11.5
2013-08-05,0.70,0.70,22.1,12.9
2013-08-06,0.50,0.50,22.8,11.7
2013-08-07,0.80,0.80,23.4,13.7
2013-08-08,1.30,1.30,22.9,13.6
2013-08-09,0.70,0.70,21.9,12.3
2013-08-10,0.60,0.60,20.2,11.8
2013-08-11,8.20,8.20,20.0,13.6
2013-08-12,2.80,2.80,20.8,11.1
2013-08-13,0.00,0.00,20.5,11.0
2013-08-14,0.00,0.00,20.5,9.4
2013-08-15,0.00,0.00,22.1,11.4
2013-08-16,3.40,3.40,23.5,12.1
2013-08-17,0.00,0.00,22.2,10.8
2013-08-18,0.00,0.00,22.8,11.6
2013-08-19,0.70,0.70,21.2,11.5
2013-08-20,15.70,15.70,19.0,12.4
2013-08-21,17.00,17.00,19.2,13.0
2013-08-22,4.60,4.60,20.2,13.3
2013-08-23,6.80,6.80,20.7,12.4
2013-08-24,0.60,0.60,21.2,12.8
2013-08-25,0.70,0.70,19.8,12.5
2013-08-26,10.10,10.10,17.8,12.6
2013-08-27,16.40,16.40,19.6,13.7
2013-08-28,1.10,1.10,21.5,13.0
2013-08-29,0.10,0.10,19.9,11.9
2013-08-30,0.10,0.10,20.3,10.9
2013-08-31,6.90,6.90,20.4,12.6
2013-09-01,0.90,0.90,21.0,11.7
2013-09-02,12.30,12.30,20.7,11.8
2013-09-03,17.20,17.20,17.4,12.7
2013-09-04,7.10,7.10,19.4,12.4
2013-09-05,11.50,11.50,19.2,13.2
2013-09-06,14.00,14.00,18.4,12.5
2013-09-07,26.10,26.10,18.2,13.7
2013-09-08,20.00,20.00,18.7,11.9
2013-09-09,14.40,14.40,19.5,10.3
2013-09-10,9.30,9.30,20.7,12.0
2013-09-11,7.70,7.70,19.9,13.1
2013-09-12,2.90,2.90,18.6,12.8
2013-09-13,29.10,29.10,17.7,12.7
2013-09-14,21.50,21.50,18.0,12.5
2013-09-15,27.20,27.20,16.1,13.6
2013-09-16,17.20,17.20,17.9,13.5
2013-09-17,15.30,15.30,20.3,12.2
2013-09-18,10.80,10.80,19.5,13.1
2013-09-19,0.60,0.60,20.9,12.5
2013-09-20,0.90,0.90,20.4,14.5
2013-09-21,10.00,10.00,20.1,13.9
2013-09-22,22.40,22.40,18.9,13.5
2013-09-23,8.60,8.60,21.5,13.2
2013-09-24,2.70,2.70,20.6,13.7
2013-09-25,16.80,16.80,19.6,12.9
2013-09-26,4.90,4.90,17.8,13.9
2013-09-27,0.00,0.00,21.8,10.1
2013-09-28,0.60,0.60,21.4,11.1
2013-09-29,0.30,0.30,21.3,11.0
2013-09-30,0.20,0.20,21.2,11.7
2013-10-01,0.00,0.00,21.6,13.0
2013-10-02,0.00,0.00,21.4,12.2
2013-10-03,0.00,0.00,21.3,11.6
2013-10-04,0.00,0.00,21.8,9.8
2013-10-05,0.20,0.20,22.8,12.7
2013-10-06,1.60,1.60,21.3,10.9
2013-10-07,5.00,5.00,17.6,11.7
2013-10-08,0.00,0.00,18.6,10.7
2013-10-09,0.60,0.60,19.5,10.8
2013-10-10,3.30,3.30,20.3,11.9
2013-10-11,2.00,2.00,20.7,12.8
2013-10-12,2.10,2.10,20.8,13.1
2013-10-13,0.00,0.00,22.2,12.5
2013-10-14,0.00,0.00,21.9,9.8
2013-10-15,0.00,0.00,22.0,10.5
2013-10-16,0.00,0.00,22.8,9.8
2013-10-17,9.80,9.80,22.4,12.9
2013-10-18,1.40,1.40,21.1,12.3
2013-10-19,15.40,15.40,21.1,12.0
2013-10-20,17.90,17.90,18.9,13.1
2013-10-21,0.30,0.30,18.5,10.8
2013-10-22,24.60,24.60,16.3,11.6
2013-10-23,6.20,6.20,13.8,10.1
2013-10-24,0.00,0.00,17.0,8.5
2013-10-25,0.00,0.00,18.3,6.0
2013-10-26,0.60,0.60,18.6,10.1
2013-10-27,0.50,0.50,19.0,11.0
2013-10-28,0.10,0.10,20.4,11.3
2013-10-29,5.00,5.00,21.8,12.0
2013-10-30,1.30,1.30,20.8,11.5
2013-10-31,0.50,0.50,21.2,10.9
2013-11-01,4.10,4.10,21.2,11.9
2013-11-02,16.70,16.70,17.8,9.2
2013-11-03,0.70,0.70,18.9,7.7
2013-11-04,0.50,0.50,19.2,10.8
2013-11-05,0.00,0.00,20.0,10.2
2013-11-06,0.00,0.00,19.9,9.0
2013-11-07,3.30,3.30,18.4,9.3
2013-11-08,1.00,1.00,18.1,9.9
2013-11-09,0.20,0.20,19.0,8.0
2013-11-10,2.00,2.00,17.6,10.5
2013-11-11,0.40,0.40,18.8,10.2
2013-11-12,12.90,12.90,15.0,10.3
2013-11-13,5.40,5.40,10.0,5.4
2013-11-14,0.00,0.00,17.8,5.3
2013-11-15,0.10,0.10,19.1,9.9
2013-11-16,0.10,0.10,20.8,7.4
2013-11-17,0.20,0.20,22.0,11.2
2013-11-18,3.90,3.90,20.6,12.4
2013-11-19,7.40,7.40,19.3,10.8
2013-11-20,0.10,0.10,19.0,7.1
2013-11-21,4.10,4.10,19.1,9.3
2013-11-22,1.50,1.50,19.8,9.0
2013-11-23,5.10,5.10,17.0,9.6
2013-11-24,0.70,0.70,17.1,8.9
2013-11-25,0.00,0.00,19.7,7.6
2013-11-26,0.20,0.20,19.4,7.5
2013-11-27,0.80,0.80,16.9,8.4
2013-11-28,0.00,0.00,19.2,7.6
2013-11-29,0.00,0.00,17.9,6.1
2013-11-30,0.00,0.00,18.0,3.4
2013-12-01,0.00,0.00,20.3,6.6
2013-12-02,0.00,0.00,21.6,7.2
2013-12-03,0.00,0.00,22.8,6.8
2013-12-04,0.00,0.00,22.0,7.5
2013-12-05,0.00,0.00,22.1,9.8
2013-12-06,0.00,0.00,22.7,9.5
2013-12-07,0.00,0.00,20.5,9.7
2013-12-08,0.00,0.00,21.4,8.0
2013-12-09,0.20,0.20,20.7,8.6
2013-12-10,0.00,0.00,20.2,11.1
2013-12-11,0.00,0.00,18.8,7.6
2013-12-12,0.00,0.00,19.1,6.5
2013-12-13,0.20,0.20,19.2,8.8
2013-12-14,0.00,0.00,20.9,11.1
2013-12-15,0.30,0.30,17.8,9.6
2013-12-16,0.00,0.00,19.8,8.7
2013-12-17,0.00,0.00,19.9,7.0
2013-12-18,0.00,0.00,19.4,6.4
2013-12-19,0.00,0.00,21.2,11.5
2013-12-20,0.20,0.20,21.6,10.9
2013-12-21,0.20,0.20,20.8,7.2
2013-12-22,1.00,1.00,21.9,8.0
2013-12-23,2.60,2.60,18.9,9.0
2013-12-24,0.00,0.00,17.2,6.8
2013-12-25,16.40,16.40,16.9,8.4
2013-12-26,7.30,7.30,15.8,6.6
2013-12-27,10.30,10.30,16.1,8.9
2013-12-28,0.00,0.00,16.8,7.2
2013-12-29,0.00,0.00,18.1,5.6
2013-12-30,0.10,0.10,19.1,6.1
2013-12-31,0.00,0.00,18.9,8.0
2014-01-01,0.00,0.00,18.6,4.4
2014-01-02,8.20,8.20,15.9,7.2
2014-01-03,0.60,0.60,14.9,4.5
2014-01-04,0.00,0.00,18.3,6.1
2014-01-05,0.00,0.00,19.8,6.4
2014-01-06,0.00,0.00,19.0,6.5
2014-01-07,2.30,2.30,15.3,4.3
2014-01-08,1.00,1.00,17.2,5.9
2014-01-09,0.20,0.20,19.5,6.9
2014-01-10,0.00,0.00,19.1,5.8
2014-01-11,0.40,0.40,19.3,9.5
2014-01-12,0.00,0.00,20.3,7.3
2014-01-13,0.90,0.90,18.5,6.9
2014-01-14,0.10,0.10,17.3,7.8
2014-01-15,2.30,2.30,13.3,6.2
2014-01-16,3.60,3.60,15.8,3.7
2014-01-17,0.00,0.00,16.0,5.2
2014-01-18,0.00,0.00,17.9,4.3
2014-01-19,0.00,0.00,18.7,6.1
2014-01-20,0.00,0.00,20.8,5.7
2014-01-21,0.00,0.00,18.0,6.2
2014-01-22,0.00,0.00,18.8,4.6
2014-01-23,0.00,0.00,21.2,6.3
2014-01-24,0.10,0.10,18.9,7.2
2014-01-25,0.00,0.00,20.3,7.6
2014-01-26,0.00,0.00,20.6,8.9
2014-01-27,4.80,4.80,22.5,8.6
2014-01-28,0.70,0.70,21.8,8.6
2014-01-29,0.00,0.00,18.9,10.3
2014-01-30,0.00,0.00,21.2,7.8
2014-01-31,0.00,0.00,22.5,7.6
2014-02-01,0.00,0.00,23.9,9.0
2014-02-02,0.00,0.00,24.0,9.1
2014-02-03,0.00,0.00,23.1,10.2
2014-02-04,0.00,0.00,23.6,8.2
2014-02-05,0.60,0.60,23.6,9.6
2014-02-06,0.00,0.00,23.2,9.5
2014-02-07,0.00,0.00,22.7,9.8
2014-02-08,0.00,0.00,22.7,11.7
2014-02-09,0.00,0.00,23.4,9.5
2014-02-10,0.00,0.00,23.3,8.3
2014-02-11,0.00,0.00,21.7,6.9
2014-02-12,0.00,0.00,23.1,9.6
2014-02-13,0.00,0.00,23.5,7.9
2014-02-14,0.00,0.00,24.0,9.0
2014-02-15,0.00,0.00,23.5,10.3
2014-02-16,0.00,0.00,24.2,8.4
2014-02-17,0.00,0.00,24.6,9.5
2014-02-18,0.00,0.00,24.9,10.5
2014-02-19,0.00,0.00,25.1,8.7
2014-02-20,0.00,0.00,25.2,8.8
2014-02-21,0.00,0.00,24.1,10.2
2014-02-22,0.00,0.00,23.8,8.5
2014-02-23,0.50,0.50,23.7,11.3
2014-02-24,1.40,1.40,24.2,11.7
2014-02-25,0.10,0.10,23.7,11.1
2014-02-26,0.00,0.00,24.5,13.5
2014-02-27,0.00,0.00,23.8,12.7
2014-02-28,0.00,0.00,24.3,8.2
2014-03-01,0.20,0.20,25.7,9.6
2014-03-02,0.00,0.00,25.7,9.2
2014-03-03,3.50,3.50,24.4,11.7
2014-03-04,0.10,0.10,22.5,9.3
2014-03-05,0.00,0.00,23.4,6.6
2014-03-06,0.00,0.00,22.9,9.6
2014-03-07,0.60,0.60,23.1,7.8
2014-03-08,0.80,0.80,23.5,6.3
2014-03-09,2.20,2.20,21.5,9.3
2014-03-10,0.00,0.00,22.1,8.9
2014-03-11,0.00,0.00,25.2,7.7
2014-03-12,0.00,0.00,25.8,8.5
2014-03-13,0.50,0.50,24.7,9.8
2014-03-14,0.10,0.10,26.5,9.4
2014-03-15,0.00,0.00,26.6,11.1
2014-03-16,0.00,0.00,25.8,7.8
2014-03-17,0.00,0.00,23.8,11.4
2014-03-18,0.00,0.00,24.4,6.5
2014-03-19,0.20,0.20,26.7,10.9
2014-03-20,2.50,2.50,25.8,11.1
2014-03-21,0.00,0.00,27.8,11.4
2014-03-22,0.30,0.30,27.3,10.8
2014-03-23,0.00,0.00,28.2,13.3
2014-03-24,0.60,0.60,27.6,12.8
2014-03-25,5.90,5.90,25.0,12.9
2014-03-26,0.00,0.00,23.5,11.9
2014-03-27,0.00,0.00,25.4,8.7
2014-03-28,0.00,0.00,27.3,10.8
2014-03-29,3.40,3.40,25.7,14.6
2014-03-30,13.50,13.50,21.0,13.2
2014-03-31,0.10,0.10,23.7,8.3
2014-04-01,1.10,1.10,24.5,10.8
2014-04-02,2.40,2.40,24.2,10.2
2014-04-03,0.10,0.10,25.0,10.8
2014-04-04,0.00,0.00,26.4,13.1
2014-04-05,0.50,0.50,26.4,12.8
2014-04-06,0.00,0.00,27.3,10.9
2014-04-07,0.00,0.00,27.9,9.7
2014-04-08,2.70,2.70,20.4,10.8
2014-04-09,0.00,0.00,23.7,6.6
2014-04-10,0.00,0.00,24.9,10.5
2014-04-11,0.00,0.00,27.3,10.6
2014-04-12,0.00,0.00,27.8,10.6
2014-04-13,0.00,0.00,28.7,12.0
2014-04-14,2.70,2.70,29.1,13.3
2014-04-15,2.50,2.50,21.1,12.9
2014-04-16,1.10,1.10,22.4,10.1
2014-04-17,8.50,8.50,24.5,9.6
2014-04-18,7.40,7.40,23.0,13.2
2014-04-19,1.70,1.70,23.1,10.9
2014-04-20,0.40,0.40,24.9,13.2
2014-04-21,0.30,0.30,25.6,12.9
2014-04-22,0.50,0.50,24.1,12.0
2014-04-23,0.20,0.20,24.3,8.3
2014-04-24,0.00,0.00,25.1,11.2
2014-04-25,13.30,13.30,24.3,14.0
2014-04-26,7.00,7.00,22.6,10.0
2014-04-27,0.00,0.00,23.7,11.3
2014-04-28,0.00,0.00,24.9,12.0
2014-04-29,0.40,0.40,24.6,12.5
2014-04-30,0.40,0.40,25.3,15.1
2014-05-01,0.00,0.00,25.3,12.4
2014-05-02,0.50,0.50,24.2,10.2
2014-05-03,6.30,6.30,22.4,11.3
2014-05-04,0.00,0.00,23.9,12.4
2014-05-05,0.00,0.00,25.0,11.8
2014-05-06,2.20,2.20,25.4,13.3
2014-05-07,5.90,5.90,22.7,12.2
2014-05-08,1.30,1.30,20.8,11.5
2014-05-09,1.20,1.20,24.3,12.1
2014-05-10,3.90,3.90,24.0,13.1
2014-05-11,7.00,7.00,24.6,12.2
2014-05-12,10.90,10.90,24.3,11.9
2014-05-13,8.10,8.10,26.0,10.7
2014-05-14,5.40,5.40,21.1,11.6
2014-05-15,0.00,0.00,19.8,9.3
2014-05-16,0.00,0.00,22.0,6.3
2014-05-17,0.00,0.00,24.0,10.9
2014-05-18,0.00,0.00,25.2,9.7
2014-05-19,0.00,0.00,25.9,12.6
2014-05-20,0.00,0.00,26.0,12.3
2014-05-21,0.00,0.00,25.4,12.4
2014-05-22,0.80,0.80,25.6,12.7
2014-05-23,1.70,1.70,21.8,13.1
2014-05-24,0.10,0.10,23.4,13.1
2014-05-25,3.20,3.20,20.6,13.3
2014-05-26,9.70,9.70,23.0,12.5
2014-05-27,26.40,26.40,21.7,13.5
2014-05-28,9.60,9.60,21.1,14.0
2014-05-29,2.40,2.40,21.4,13.8
2014-05-30,8.60,8.60,20.8,14.0
2014-05-31,10.40,10.40,19.9,12.5
2014-06-01,0.00,0.00,20.8,10.9
2014-06-02,0.10,0.10,20.9,11.4
2014-06-03,0.10,0.10,21.8,11.5
2014-06-04,10.80,10.80,20.7,12.9
2014-06-05,19.40,19.40,20.0,11.6
2014-06-06,15.80,15.80,19.4,12.9
2014-06-07,9.60,9.60,20.8,13.2
2014-06-08,8.30,8.30,20.5,14.4
2014-06-09,1.30,1.30,20.9,12.4
2014-06-10,0.40,0.40,20.8,14.2
2014-06-11,0.90,0.90,21.3,13.6
2014-06-12,0.00,0.00,23.3,13.6
2014-06-13,0.00,0.00,25.0,14.3
2014-06-14,0.00,0.00,24.5,12.8
2014-06-15,0.00,0.00,24.2,14.3
2014-06-16,0.30,0.30,23.1,13.2
2014-06-17,2.60,2.60,22.7,13.4
2014-06-18,4.90,4.90,21.8,14.6
2014-06-19,12.80,12.80,21.3,13.5
2014-06-20,16.20,16.20,20.0,13.2
2014-06-21,15.20,15.20,20.7,14.1
2014-06-22,7.30,7.30,20.9,13.8
2014-06-23,16.40,16.40,20.8,11.7
2014-06-24,21.00,21.00,19.8,14.2
2014-06-25,21.30,21.30,19.1,13.3
2014-06-26,19.40,19.40,20.1,13.2
2014-06-27,25.80,25.80,19.7,13.8
2014-06-28,5.50,5.50,21.7,11.9
2014-06-29,5.80,5.80,21.2,11.5
2014-06-30,11.50,11.50,16.8,13.3
2014-07-01,4.60,4.60,18.1,10.6
2014-07-02,3.10,3.10,19.1,12.6
2014-07-03,13.60,13.60,18.7,13.1
2014-07-04,10.60,10.60,19.0,12.5
2014-07-05,11.20,11.20,18.1,12.4
2014-07-06,10.40,10.40,17.4,12.6
2014-07-07,14.00,14.00,18.8,12.2
2014-07-08,8.00,8.00,20.4,11.2
2014-07-09,11.10,11.10,20.4,9.4
2014-07-10,13.30,13.30,21.0,11.9
2014-07-11,3.30,3.30,22.0,12.4
2014-07-12,0.60,0.60,21.2,11.9
2014-07-13,0.40,0.40,20.4,11.2
2014-07-14,1.30,1.30,20.7,11.8
2014-07-15,4.50,4.50,20.7,11.0
2014-07-16,10.80,10.80,20.1,12.6
2014-07-17,15.40,15.40,22.2,11.5
2014-07-18,12.50,12.50,20.2,13.7
2014-07-19,2.10,2.10,23.1,10.8
2014-07-20,1.00,1.00,22.2,11.7
2014-07-21,0.30,0.30,23.1,11.4
2014-07-22,0.00,0.00,22.7,11.4
2014-07-23,2.20,2.20,21.2,11.0
2014-07-24,3.10,3.10,20.2,10.1
2014-07-25,4.00,4.00,21.3,10.7
2014-07-26,0.40,0.40,22.6,12.7
2014-07-27,1.10,1.10,23.6,13.5
2014-07-28,0.50,0.50,21.6,11.0
2014-07-29,2.40,2.40,22.2,10.6
2014-07-30,0.70,0.70,22.3,12.6
2014-07-31,0.90,0.90,22.5,13.7
2014-08-01,1.30,1.30,23.1,12.9
2014-08-02,0.00,0.00,24.0,11.8
2014-08-03,0.00,0.00,23.4,11.3
2014-08-04,0.30,0.30,22.1,12.0
2014-08-05,7.70,7.70,20.7,12.9
2014-08-06,12.50,12.50,21.1,11.9
2014-08-07,15.50,15.50,21.0,11.9
2014-08-08,0.80,0.80,20.4,10.1
2014-08-09,4.00,4.00,22.0,10.4
2014-08-10,2.60,2.60,21.9,12.9
2014-08-11,3.70,3.70,21.1,12.0
2014-08-12,12.60,12.60,19.5,13.2
2014-08-13,2.70,2.70,20.6,11.7
2014-08-14,5.90,5.90,20.2,12.6
2014-08-15,0.70,0.70,21.3,12.6
2014-08-16,6.20,6.20,20.8,13.5
2014-08-17,2.00,2.00,22.3,10.8
2014-08-18,6.20,6.20,19.7,11.6
2014-08-19,9.80,9.80,20.9,10.6
2014-08-20,5.20,5.20,21.4,11.2
2014-08-21,1.30,1.30,20.5,11.2
2014-08-22,2.40,2.40,19.7,11.3
2014-08-23,5.10,5.10,21.1,13.3
2014-08-24,5.00,5.00,20.5,12.7
2014-08-25,0.70,0.70,21.1,12.4
2014-08-26,0.00,0.00,22.9,11.6
2014-08-27,0.00,0.00,22.9,11.1
2014-08-28,0.00,0.00,23.3,12.6
2014-08-29,0.00,0.00,23.9,10.6
2014-08-30,4.00,4.00,21.7,11.7
2014-08-31,14.00,14.00,21.0,13.8
2014-09-01,10.90,10.90,21.1,13.8
2014-09-02,3.00,3.00,19.7,11.3
2014-09-03,8.70,8.70,19.4,13.1
2014-09-04,5.80,5.80,20.1,12.9
2014-09-05,8.80,8.80,20.8,12.3
2014-09-06,0.20,0.20,20.5,12.2
2014-09-07,0.60,0.60,19.8,11.3
2014-09-08,0.80,0.80,18.4,11.2
2014-09-09,2.60,2.60,20.4,11.8
2014-09-10,10.40,10.40,21.0,12.4
2014-09-11,4.50,4.50,21.1,12.1
2014-09-12,3.90,3.90,19.1,12.8
2014-09-13,7.20,7.20,20.4,12.7
2014-09-14,9.60,9.60,18.7,12.1
2014-09-15,0.00,0.00,20.5,12.5
2014-09-16,7.00,7.00,19.1,11.9
2014-09-17,0.20,0.20,20.2,11.9
2014-09-18,0.40,0.40,22.5,10.7
2014-09-19,0.00,0.00,22.7,9.8
2014-09-20,0.80,0.80,21.6,10.3
2014-09-21,5.90,5.90,20.6,12.7
2014-09-22,3.50,3.50,20.1,13.6
2014-09-23,3.60,3.60,20.4,13.0
2014-09-24,4.70,4.70,20.3,12.3
2014-09-25,2.00,2.00,20.2,12.0
2014-09-26,2.60,2.60,21.0,12.2
2014-09-27,0.00,0.00,20.7,12.9
2014-09-28,3.00,3.00,20.8,13.0
2014-09-29,14.90,14.90,19.4,13.7
2014-09-30,19.70,19.70,20.7,13.7
2014-10-01,3.80,3.80,21.2,12.8
2014-10-02,8.80,8.80,20.8,13.7
2014-10-03,4.50,4.50,19.2,13.7
2014-10-04,17.80,17.80,19.5,11.7
2014-10-05,9.40,9.40,19.8,12.2
2014-10-06,19.80,19.80,20.2,11.5
2014-10-07,1.50,1.50,20.4,10.3
2014-10-08,0.00,0.00,20.7,10.0
2014-10-09,1.40,1.40,19.9,11.2
2014-10-10,5.80,5.80,20.4,9.8
2014-10-11,6.10,6.10,20.1,8.5
2014-10-12,6.30,6.30,19.6,11.0
2014-10-13,0.00,0.00,21.0,9.0
2014-10-14,5.00,5.00,16.6,10.4
2014-10-15,0.00,0.00,19.0,8.6
2014-10-16,0.50,0.50,19.7,8.8
2014-10-17,2.00,2.00,19.4,8.6
2014-10-18,8.20,8.20,18.3,11.9
2014-10-19,20.30,20.30,15.0,12.6
2014-10-20,11.20,11.20,16.7,12.4
2014-10-21,9.20,9.20,18.2,12.5
2014-10-22,0.70,0.70,19.3,12.0
2014-10-23,0.90,0.90,18.5,12.1
2014-10-24,0.00,0.00,18.3,10.3
2014-10-25,0.00,0.00,18.1,9.0
2014-10-26,0.00,0.00,19.4,7.0
2014-10-27,0.00,0.00,20.8,9.0
2014-10-28,0.00,0.00,22.5,6.9
2014-10-29,0.00,0.00,20.6,9.8
2014-10-30,0.00,0.00,19.7,9.7
2014-10-31,0.30,0.30,17.1,7.8
2014-11-01,0.30,0.30,16.7,7.1
2014-11-02,0.20,0.20,18.5,9.0
2014-11-03,0.00,0.00,20.9,9.0
2014-11-04,0.00,0.00,22.1,9.3
2014-11-05,0.00,0.00,22.3,8.0
2014-11-06,0.00,0.00,21.9,11.9
2014-11-07,0.00,0.00,21.4,11.5
2014-11-08,5.30,5.30,21.0,13.0
2014-11-09,1.90,1.90,16.9,10.2
2014-11-10,1.30,1.30,19.5,9.0
2014-11-11,3.50,3.50,20.2,9.7
2014-11-12,0.10,0.10,19.7,9.7
2014-11-13,1.20,1.20,19.1,10.6
2014-11-14,1.00,1.00,18.6,11.0
2014-11-15,3.20,3.20,19.8,7.7
2014-11-16,0.00,0.00,21.5,11.6
2014-11-17,0.10,0.10,21.1,10.0
2014-11-18,0.30,0.30,19.9,11.2
2014-11-19,0.90,0.90,19.7,8.8
2014-11-20,5.80,5.80,19.0,10.3
2014-11-21,10.10,10.10,19.6,6.0
2014-11-22,1.90,1.90,20.3,7.6
2014-11-23,0.00,0.00,22.4,6.6
2014-11-24,2.10,2.10,21.9,9.0
2014-11-25,0.20,0.20,21.4,8.8
2014-11-26,0.00,0.00,18.1,6.5
2014-11-27,0.00,0.00,17.5,3.5
2014-11-28,0.00,0.00,18.1,3.2
2014-11-29,0.00,0.00,19.8,7.4
2014-11-30,0.00,0.00,21.2,8.5
2014-12-01,0.00,0.00,21.9,9.4
2014-12-02,0.00,0.00,17.8,7.5
2014-12-03,0.00,0.00,19.5,6.2
2014-12-04,0.00,0.00,20.0,6.7
2014-12-05,0.00,0.00,21.8,8.0
2014-12-06,0.00,0.00,20.8,8.1
2014-12-07,0.00,0.00,18.9,8.6
2014-12-08,0.00,0.00,18.0,6.8
2014-12-09,0.00,0.00,17.7,3.8
2014-12-10,0.00,0.00,18.0,6.7
2014-12-11,1.00,1.00,17.5,9.7
2014-12-12,0.00,0.00,16.7,8.4
2014-12-13,3.00,3.00,18.6,10.2
2014-12-14,0.00,0.00,18.8,10.4
2014-12-15,0.00,0.00,20.4,10.2
2014-12-16,0.00,0.00,19.4,10.1
2014-12-17,0.00,0.00,19.5,9.6
2014-12-18,0.00,0.00,22.5,10.3
2014-12-19,0.00,0.00,22.8,8.0
2014-12-20,0.00,0.00,22.2,10.2
2014-12-21,0.00,0.00,20.9,9.0
2014-12-22,0.20,0.20,19.7,9.9
2014-12-23,0.00,0.00,17.6,7.7
2014-12-24,17.40,17.40,12.4,9.8
2014-12-25,2.80,2.80,16.2,6.9
2014-12-26,0.00,0.00,19.6,5.2
2014-12-27,0.00,0.00,21.2,8.8
2014-12-28,0.10,0.10,20.5,9.7
2014-12-29,0.00,0.00,21.6,6.0
2014-12-30,0.00,0.00,23.0,11.1
2014-12-31,0.00,0.00,20.7,8.7
2015-01-01,0.00,0.00,20.2,8.9
2015-01-02,0.00,0.00,19.9,5.7
2015-01-03,0.00,0.00,19.4,6.5
2015-01-04,0.80,0.80,19.7,7.9
2015-01-05,0.20,0.20,11.6,4.6
2015-01-06,0.40,0.40,15.7,4.5
2015-01-07,0.00,0.00,18.2,8.5
2015-01-08,3.90,3.90,14.6,7.5
2015-01-09,4.40,4.40,17.2,7.2
2015-01-10,1.30,1.30,17.4,5.5
2015-01-11,0.30,0.30,20.0,8.0
2015-01-12,0.00,0.00,20.8,7.1
2015-01-13,0.00,0.00,21.6,8.9
2015-01-14,0.00,0.00,20.8,10.1
2015-01-15,0.00,0.00,21.8,7.0
2015-01-16,0.00,0.00,21.7,7.9
2015-01-17,0.00,0.00,20.0,9.5
2015-01-18,0.00,0.00,18.6,9.6
2015-01-19,0.10,0.10,20.0,8.3
2015-01-20,0.10,0.10,20.9,9.7
2015-01-21,3.90,3.90,22.0,9.0
2015-01-22,0.30,0.30,22.0,8.5
2015-01-23,0.10,0.10,21.5,7.8
2015-01-24,0.40,0.40,20.9,9.3
2015-01-25,2.60,2.60,20.3,9.8
2015-01-26,0.00,0.00,19.3,7.5
2015-01-27,0.00,0.00,21.6,8.6
2015-01-28,0.00,0.00,22.2,7.4
2015-01-29,0.00,0.00,21.1,8.1
2015-01-30,0.00,0.00,19.9,4.3
2015-01-31,0.00,0.00,21.4,5.2
2015-02-01,0.00,0.00,21.1,5.1
2015-02-02,0.30,0.30,19.7,8.2
2015-02-03,1.80,1.80,18.7,7.1
2015-02-04,0.00,0.00,21.3,7.0
2015-02-05,0.00,0.00,19.6,8.2
2015-02-06,0.00,0.00,19.6,4.4
2015-02-07,0.00,0.00,21.8,4.6
2015-02-08,0.00,0.00,22.9,6.7
2015-02-09,0.00,0.00,20.9,8.7
2015-02-10,1.00,1.00,20.6,5.3
2015-02-11,17.70,17.70,21.5,8.4
2015-02-12,10.80,10.80,16.4,6.7
2015-02-13,3.40,3.40,15.6,6.5
2015-02-14,1.10,1.10,15.1,6.5
2015-02-15,6.50,6.50,19.2,7.2
2015-02-16,0.00,0.00,21.6,8.2
2015-02-17,0.50,0.50,20.6,11.1
2015-02-18,0.00,0.00,23.1,10.6
2015-02-19,0.00,0.00,22.6,9.7
2015-02-20,0.00,0.00,22.6,6.8
2015-02-21,0.20,0.20,24.4,8.8
2015-02-22,0.00,0.00,25.0,10.0
2015-02-23,0.00,0.00,26.4,11.7
2015-02-24,0.00,0.00,25.4,7.8
2015-02-25,0.00,0.00,25.6,9.5
2015-02-26,0.00,0.00,24.0,8.1
2015-02-27,0.00,0.00,23.4,10.8
2015-02-28,0.00,0.00,24.7,7.5
2015-03-01,0.00,0.00,25.7,10.0
2015-03-02,0.00,0.00,26.1,11.1
2015-03-03,0.00,0.00,25.6,8.7
2015-03-04,0.00,0.00,26.4,10.8
2015-03-05,0.50,0.50,24.6,11.3
2015-03-06,0.00,0.00,22.8,7.6
2015-03-07,0.00,0.00,22.4,8.6
2015-03-08,0.00,0.00,21.8,11.3
2015-03-09,0.20,0.20,23.5,9.2
2015-03-10,9.50,9.50,21.1,11.8
2015-03-11,14.10,14.10,17.5,7.5
2015-03-12,3.50,3.50,17.6,7.2
2015-03-13,1.10,1.10,19.7,8.0
2015-03-14,6.70,6.70,18.5,8.0
2015-03-15,8.10,8.10,13.8,9.4
2015-03-16,0.50,0.50,21.0,9.3
2015-03-17,0.20,0.20,20.8,10.6
2015-03-18,0.20,0.20,21.5,11.5
2015-03-19,2.00,2.00,22.9,13.4
2015-03-20,3.10,3.10,22.6,9.7
2015-03-21,1.80,1.80,22.3,10.3
2015-03-22,3.70,3.70,22.9,12.3
2015-03-23,11.10,11.10,21.7,10.7
2015-03-24,9.60,9.60,22.4,9.2
2015-03-25,0.30,0.30,23.0,7.9
2015-03-26,0.10,0.10,22.0,7.8
2015-03-27,11.00,11.00,19.6,9.8
2015-03-28,4.70,4.70,19.9,9.8
2015-03-29,1.70,1.70,20.2,8.0
2015-03-30,0.00,0.00,22.3,8.5
2015-03-31,0.00,0.00,23.7,10.0
2015-04-01,3.40,3.40,24.1,9.8
2015-04-02,7.40,7.40,23.2,10.3
2015-04-03,0.00,0.00,24.5,12.1
2015-04-04,0.00,0.00,24.4,12.6
2015-04-05,0.00,0.00,23.2,9.7
2015-04-06,0.10,0.10,24.4,10.7
2015-04-07,0.00,0.00,26.4,12.1
2015-04-08,1.50,1.50,26.5,12.6
2015-04-09,0.20,0.20,26.6,13.5
2015-04-10,0.30,0.30,26.6,13.2
2015-04-11,14.70,14.70,21.4,12.9
2015-04-12,2.50,2.50,23.7,8.9
2015-04-13,5.00,5.00,23.8,11.1
2015-04-14,1.50,1.50,24.6,10.5
2015-04-15,1.20,1.20,24.5,12.1
2015-04-16,1.50,1.50,26.4,11.3
2015-04-17,0.00,0.00,26.0,11.8
2015-04-18,0.00,0.00,26.0,11.1
2015-04-19,0.00,0.00,26.1,12.2
2015-04-20,1.80,1.80,27.3,11.2
2015-04-21,2.40,2.40,28.5,14.5
2015-04-22,7.50,7.50,26.9,12.3
2015-04-23,2.00,2.00,24.9,11.3
2015-04-24,0.10,0.10,26.7,11.2
2015-04-25,0.00,0.00,26.8,13.2
2015-04-26,0.40,0.40,27.3,12.1
2015-04-27,2.00,2.00,26.7,11.3
2015-04-28,2.10,2.10,25.3,14.4
2015-04-29,13.40,13.40,17.9,13.9
2015-04-30,10.50,10.50,21.4,12.3
2015-05-01,1.10,1.10,22.2,10.2
2015-05-02,3.40,3.40,21.0,12.0
2015-05-03,0.50,0.50,23.6,12.4
2015-05-04,6.50,6.50,24.2,11.0
2015-05-05,2.00,2.00,25.6,11.8
2015-05-06,16.80,16.80,24.9,11.4
2015-05-07,2.80,2.80,24.2,12.0
2015-05-08,0.90,0.90,25.6,14.4
2015-05-09,0.00,0.00,25.9,14.6
2015-05-10,1.40,1.40,26.9,11.4
2015-05-11,0.30,0.30,26.4,13.1
2015-05-12,21.70,21.70,23.0,13.6
2015-05-13,14.50,14.50,22.3,13.0
2015-05-14,3.70,3.70,22.6,10.8
2015-05-15,0.70,0.70,22.9,11.0
2015-05-16,59.40,59.40,24.5,13.4
2015-05-17,0.50,0.50,22.1,10.8
2015-05-18,0.00,0.00,25.1,11.8
2015-05-19,0.00,0.00,23.4,13.7
2015-05-20,2.10,2.10,25.2,13.8
2015-05-21,0.30,0.30,24.7,10.7
2015-05-22,3.20,3.20,20.5,12.8
2015-05-23,0.30,0.30,21.5,10.8
2015-05-24,18.00,18.00,21.7,12.9
2015-05-25,1.00,1.00,23.2,9.6
2015-05-26,0.10,0.10,24.3,9.6
2015-05-27,13.60,13.60,23.3,12.2
2015-05-28,3.50,3.50,21.3,12.1
2015-05-29,4.40,4.40,21.0,12.1
2015-05-30,14.60,14.60,19.0,12.7
2015-05-31,11.20,11.20,16.8,12.0
2015-06-01,0.50,0.50,18.9,11.3
2015-06-02,0.90,0.90,21.3,12.6
2015-06-03,0.00,0.00,21.0,12.5
2015-06-04,0.10,0.10,22.1,14.1
2015-06-05,6.10,6.10,20.5,14.4
2015-06-06,18.00,18.00,21.9,14.7
2015-06-07,2.70,2.70,22.1,12.2
2015-06-08,0.00,0.00,23.1,11.7
2015-06-09,0.00,0.00,23.4,10.0
2015-06-10,0.20,0.20,25.0,11.7
2015-06-11,0.10,0.10,25.1,14.8
2015-06-12,1.00,1.00,23.7,14.2
2015-06-13,4.20,4.20,21.9,14.5
2015-06-14,8.50,8.50,20.6,14.0
2015-06-15,13.10,13.10,21.0,13.4
2015-06-16,0.60,0.60,22.7,11.0
2015-06-17,9.10,9.10,23.1,11.2
2015-06-18,2.40,2.40,21.5,13.0
2015-06-19,11.20,11.20,21.6,13.2
2015-06-20,9.90,9.90,21.5,14.1
2015-06-21,15.10,15.10,22.2,11.3
2015-06-22,12.30,12.30,22.3,12.2
2015-06-23,3.00,3.00,22.1,12.6
2015-06-24,0.50,0.50,21.3,12.2
2015-06-25,9.80,9.80,20.9,12.2
2015-06-26,9.40,9.40,21.7,11.7
2015-06-27,0.30,0.30,21.3,10.8
2015-06-28,4.00,4.00,21.0,13.2
2015-06-29,16.60,16.60,20.9,12.1
2015-06-30,17.80,17.80,21.1,13.3
2015-07-01,20.10,20.10,20.2,11.5
2015-07-02,9.60,9.60,18.8,12.5
2015-07-03,19.10,19.10,19.7,10.9
2015-07-04,13.30,13.30,20.5,11.6
2015-07-05,9.50,9.50,21.0,11.7
2015-07-06,8.00,8.00,20.5,11.9
2015-07-07,3.60,3.60,21.5,12.0
2015-07-08,2.50,2.50,20.7,9.3
2015-07-09,3.60,3.60,20.4,9.2
2015-07-10,0.70,0.70,19.1,10.5
2015-07-11,2.40,2.40,19.7,11.6
2015-07-12,4.80,4.80,20.1,12.4
2015-07-13,0.20,0.20,21.8,9.6
2015-07-14,0.00,0.00,22.7,11.4
2015-07-15,0.30,0.30,22.9,11.7
2015-07-16,0.70,0.70,22.7,12.0
2015-07-17,2.50,2.50,21.4,11.7
2015-07-18,7.20,7.20,21.6,14.2
2015-07-19,14.10,14.10,21.5,12.7
2015-07-20,1.00,1.00,21.7,11.6
2015-07-21,1.80,1.80,21.7,12.5
2015-07-22,7.20,7.20,22.0,13.9
2015-07-23,7.60,7.60,22.0,11.5
2015-07-24,7.90,7.90,22.9,13.0
2015-07-25,1.00,1.00,23.4,11.1
2015-07-26,2.00,2.00,23.9,13.3
2015-07-27,0.10,0.10,24.2,12.8
2015-07-28,1.20,1.20,24.9,13.9
2015-07-29,0.50,0.50,24.7,12.3
2015-07-30,1.70,1.70,23.4,13.2
2015-07-31,0.00,0.00,23.6,11.8
2015-08-01,1.30,1.30,22.9,12.7
2015-08-02,2.40,2.40,22.3,13.2
2015-08-03,2.80,2.80,22.7,13.0
2015-08-04,5.40,5.40,22.6,11.4
2015-08-05,5.60,5.60,22.5,12.3
2015-08-06,1.50,1.50,23.2,11.6
2015-08-07,0.20,0.20,23.3,13.4
2015-08-08,1.50,1.50,24.2,10.7
2015-08-09,1.30,1.30,23.8,12.5
2015-08-10,0.00,0.00,24.1,11.3
2015-08-11,1.00,1.00,23.0,10.5
2015-08-12,0.40,0.40,22.0,12.0
2015-08-13,3.50,3.50,20.9,12.3
2015-08-14,0.10,0.10,23.0,12.4
2015-08-15,0.00,0.00,24.0,12.2
2015-08-16,1.30,1.30,23.1,13.1
2015-08-17,18.30,18.30,21.3,12.0
2015-08-18,13.30,13.30,20.2,12.6
2015-08-19,6.60,6.60,23.1,11.8
2015-08-20,8.40,8.40,23.3,11.7
2015-08-21,21.40,21.40,22.0,12.1
2015-08-22,5.00,5.00,20.9,13.4
2015-08-23,7.80,7.80,22.2,13.9
2015-08-24,0.80,0.80,24.2,12.0
2015-08-25,1.00,1.00,22.4,13.0
2015-08-26,0.00,0.00,21.9,12.7
2015-08-27,1.40,1.40,20.9,11.0
2015-08-28,2.10,2.10,19.5,11.5
2015-08-29,1.70,1.70,21.3,12.8
2015-08-30,6.50,6.50,22.0,13.1
2015-08-31,11.80,11.80,20.4,11.9
2015-09-01,3.70,3.70,22.1,12.5
2015-09-02,10.80,10.80,20.9,13.1
2015-09-03,5.90,5.90,21.0,11.2
2015-09-04,7.80,7.80,21.2,10.9
2015-09-05,0.40,0.40,21.3,13.0
2015-09-06,1.00,1.00,21.6,14.3
2015-09-07,0.20,0.20,22.0,13.2
2015-09-08,0.60,0.60,22.1,12.2
2015-09-09,0.00,0.00,22.4,12.4
2015-09-10,1.00,1.00,21.6,12.1
2015-09-11,1.00,1.00,22.3,12.8
2015-09-12,4.50,4.50,21.9,13.3
2015-09-13,24.00,24.00,19.9,14.2
2015-09-14,12.90,12.90,20.8,13.9
2015-09-15,3.50,3.50,20.8,12.8
2015-09-16,6.60,6.60,19.9,13.5
2015-09-17,10.70,10.70,21.2,13.0
2015-09-18,3.80,3.80,21.4,13.4
2015-09-19,0.10,0.10,21.8,12.7
2015-09-20,0.60,0.60,20.4,12.7
2015-09-21,0.00,0.00,21.1,12.8
2015-09-22,0.00,0.00,21.1,12.8
2015-09-23,0.00,0.00,22.6,12.0
2015-09-24,3.90,3.90,20.5,12.5
2015-09-25,8.10,8.10,19.3,12.4
2015-09-26,12.20,12.20,16.7,11.2
2015-09-27,5.30,5.30,18.6,11.1
2015-09-28,5.10,5.10,17.0,12.3
2015-09-29,5.80,5.80,16.5,12.9
2015-09-30,1.50,1.50,17.7,12.6
2015-10-01,0.00,0.00,18.2,10.1
2015-10-02,0.00,0.00,19.9,7.7
2015-10-03,0.00,0.00,22.0,7.7
2015-10-04,0.90,0.90,22.0,10.5
2015-10-05,0.00,0.00,23.5,12.3
2015-10-06,0.00,0.00,23.5,11.3
2015-10-07,0.00,0.00,23.7,10.1
2015-10-08,0.50,0.50,22.4,13.8
2015-10-09,1.10,1.10,22.0,13.0
2015-10-10,0.00,0.00,23.4,9.7
2015-10-11,0.00,0.00,22.4,12.8
2015-10-12,0.00,0.00,24.6,11.6
2015-10-13,0.00,0.00,24.2,12.8
2015-10-14,2.00,2.00,20.3,11.8
2015-10-15,0.50,0.50,20.8,11.8
2015-10-16,0.70,0.70,20.3,10.3
2015-10-17,11.90,11.90,16.2,11.6
2015-10-18,12.00,12.00,14.9,11.1
2015-10-19,1.00,1.00,17.6,10.0
2015-10-20,0.00,0.00,21.7,8.9
2015-10-21,2.10,2.10,21.4,10.1
2015-10-22,19.20,19.20,21.3,14.4
2015-10-23,0.80,0.80,20.6,13.6
2015-10-24,4.20,4.20,21.4,13.8
2015-10-25,9.20,9.20,20.8,11.7
2015-10-26,3.00,3.00,17.9,12.5
2015-10-27,4.10,4.10,21.9,11.9
2015-10-28,19.80,19.80,19.7,12.2
2015-10-29,2.90,2.90,21.1,11.4
2015-10-30,1.20,1.20,19.9,13.6
2015-10-31,6.10,6.10,19.6,12.5
2015-11-01,9.10,9.10,20.3,12.3
2015-11-02,0.80,0.80,20.1,12.5
2015-11-03,3.80,3.80,21.4,11.3
2015-11-04,1.80,1.80,21.1,10.2
2015-11-05,0.00,0.00,21.4,11.2
2015-11-06,0.00,0.00,20.6,10.3
2015-11-07,0.20,0.20,20.8,12.4
2015-11-08,4.70,4.70,18.4,12.3
2015-11-09,0.00,0.00,21.5,11.1
2015-11-10,0.00,0.00,21.7,10.8
2015-11-11,0.00,0.00,22.6,9.5
2015-11-12,0.10,0.10,21.0,11.2
2015-11-13,2.00,2.00,19.3,11.4
2015-11-14,4.00,4.00,17.8,11.2
2015-11-15,0.70,0.70,18.0,10.4
2015-11-16,0.00,0.00,21.3,9.4
2015-11-17,0.30,0.30,21.2,12.3
2015-11-18,0.20,0.20,21.6,9.8
2015-11-19,4.00,4.00,20.2,12.6
2015-11-20,0.00,0.00,21.1,11.2
2015-11-21,0.10,0.10,21.9,12.4
2015-11-22,2.70,2.70,18.6,11.3
2015-11-23,1.20,1.20,19.5,8.2
2015-11-24,0.90,0.90,21.0,8.9
2015-11-25,1.50,1.50,21.9,10.2
2015-11-26,0.60,0.60,21.5,12.5
2015-11-27,0.00,0.00,20.5,11.5
2015-11-28,0.00,0.00,21.0,11.7
2015-11-29,0.00,0.00,21.2,11.2
2015-11-30,0.00,0.00,22.6,9.3
2015-12-01,0.00,0.00,23.3,9.4
2015-12-02,12.80,12.80,20.5,11.2
2015-12-03,14.40,14.40,17.4,10.0
2015-12-04,3.40,3.40,17.6,7.7
2015-12-05,0.20,0.20,18.3,8.4
2015-12-06,0.10,0.10,18.1,7.8
2015-12-07,1.50,1.50,17.7,8.2
2015-12-08,5.10,5.10,18.9,9.2
2015-12-09,0.00,0.00,18.5,7.3
2015-12-10,0.10,0.10,19.6,10.7
2015-12-11,5.30,5.30,20.6,10.9
2015-12-12,0.00,0.00,19.7,9.6
2015-12-13,0.90,0.90,18.1,11.8
2015-12-14,0.00,0.00,19.8,7.7
2015-12-15,0.00,0.00,21.7,7.0
2015-12-16,0.00,0.00,22.2,6.1
2015-12-17,0.00,0.00,22.4,8.4
2015-12-18,0.00,0.00,17.1,8.0
2015-12-19,0.00,0.00,19.5,6.3
2015-12-20,0.00,0.00,21.4,8.2
2015-12-21,0.00,0.00,22.1,10.3
2015-12-22,0.20,0.20,20.5,9.4
2015-12-23,1.10,1.10,18.8,9.2
2015-12-24,0.00,0.00,21.7,7.6
2015-12-25,0.00,0.00,22.0,9.4
2015-12-26,0.00,0.00,21.6,9.2
2015-12-27,0.00,0.00,20.1,8.9
2015-12-28,0.00,0.00,20.4,4.9
2015-12-29,0.00,0.00,22.1,6.9
2015-12-30,0.00,0.00,23.5,10.4
2015-12-31,0.00,0.00,23.1,11.4
2016-01-01,0.00,0.00,22.1,11.9
2016-01-02,0.00,0.00,20.8,9.8
2016-01-03,1.30,1.30,20.0,11.1
2016-01-04,7.30,7.30,16.9,10.7
2016-01-05,0.00,0.00,19.2,8.7
2016-01-06,0.00,0.00,18.8,8.4
2016-01-07,0.00,0.00,18.6,6.7
2016-01-08,0.00,0.00,19.0,3.7
2016-01-09,0.00,0.00,19.3,3.7
2016-01-10,0.00,0.00,18.4,8.1
2016-01-11,0.00,0.00,19.2,4.0
2016-01-12,0.00,0.00,18.9,6.6
2016-01-13,9.90,9.90,11.9,8.6
2016-01-14,0.00,0.00,16.6,7.9
2016-01-15,0.00,0.00,19.5,7.3
2016-01-16,0.00,0.00,18.8,4.8
2016-01-17,0.00,0.00,20.9,7.3
2016-01-18,0.50,0.50,19.2,7.4
2016-01-19,0.00,0.00,17.9,5.1
2016-01-20,0.00,0.00,18.2,8.8
2016-01-21,0.00,0.00,20.6,6.3
2016-01-22,0.00,0.00,19.7,5.3
2016-01-23,0.00,0.00,19.8,6.3
2016-01-24,0.00,0.00,20.7,7.3
2016-01-25,0.00,0.00,21.5,4.6
2016-01-26,0.00,0.00,19.2,8.4
2016-01-27,0.00,0.00,19.4,5.0
2016-01-28,0.00,0.00,15.3,2.7
2016-01-29,0.00,0.00,15.7,6.0
2016-01-30,0.00,0.00,19.8,5.3
2016-01-31,0.00,0.00,23.1,9.2
2016-02-01,0.00,0.00,23.3,8.7
2016-02-02,0.00,0.00,23.3,8.1
2016-02-03,0.50,0.50,24.5,8.4
2016-02-04,0.30,0.30,21.2,8.5
2016-02-05,0.00,0.00,21.8,5.7
2016-02-06,0.00,0.00,20.5,7.7
2016-02-07,0.00,0.00,19.6,3.3
2016-02-08,0.00,0.00,20.9,6.0
2016-02-09,0.00,0.00,16.9,4.6
2016-02-10,1.10,1.10,14.4,5.5
2016-02-11,0.00,0.00,19.2,5.0
2016-02-12,0.00,0.00,20.6,5.0
2016-02-13,0.00,0.00,19.8,4.2
2016-02-14,0.00,0.00,22.5,5.7
2016-02-15,0.00,0.00,22.3,7.2
2016-02-16,0.00,0.00,22.1,9.6
2016-02-17,0.00,0.00,23.8,9.4
2016-02-18,0.00,0.00,23.0,5.8
2016-02-19,0.00,0.00,24.9,7.2
2016-02-20,0.00,0.00,24.0,8.8
2016-02-21,0.00,0.00,25.5,9.3
2016-02-22,0.00,0.00,25.1,9.7
2016-02-23,0.00,0.00,26.2,7.7
2016-02-24,0.00,0.00,25.0,10.5
2016-02-25,2.70,2.70,23.4,8.5
2016-02-26,0.40,0.40,22.4,10.8
2016-02-27,4.20,4.20,19.3,9.1
2016-02-28,0.10,0.10,21.9,8.3
2016-02-29,3.40,3.40,21.5,11.2
2016-03-01,2.30,2.30,21.2,11.1
2016-03-02,2.10,2.10,15.0,11.3
2016-03-03,0.00,0.00,19.3,7.9
2016-03-04,0.00,0.00,17.9,8.8
2016-03-05,0.00,0.00,21.9,6.8
2016-03-06,0.00,0.00,22.8,8.4
2016-03-07,0.00,0.00,22.0,7.6
2016-03-08,1.10,1.10,20.3,6.4
2016-03-09,52.30,52.30,13.8,9.4
2016-03-10,11.20,11.20,11.7,5.9
2016-03-11,0.00,0.00,16.8,1.2
2016-03-12,0.00,0.00,21.3,3.1
2016-03-13,0.00,0.00,24.3,6.1
2016-03-14,0.00,0.00,24.9,9.4
2016-03-15,1.90,1.90,25.5,9.5
2016-03-16,2.30,2.30,24.3,10.5
2016-03-17,0.00,0.00,23.2,11.4
2016-03-18,0.10,0.10,23.1,8.1
2016-03-19,0.00,0.00,23.0,9.5
2016-03-20,0.00,0.00,22.1,9.5
2016-03-21,0.10,0.10,18.2,8.7
2016-03-22,0.70,0.70,21.2,11.2
2016-03-23,1.20,1.20,23.3,8.4
2016-03-24,4.30,4.30,24.8,10.6
2016-03-25,0.00,0.00,24.1,9.4
2016-03-26,0.00,0.00,25.0,8.6
2016-03-27,0.00,0.00,27.1,10.4
2016-03-28,0.00,0.00,26.2,15.3
2016-03-29,0.00,0.00,27.0,9.1
2016-03-30,0.00,0.00,27.4,10.5
2016-03-31,0.00,0.00,27.4,10.2
2016-04-01,0.00,0.00,27.1,10.1
2016-04-02,0.00,0.00,28.0,12.8
2016-04-03,0.00,0.00,25.6,11.8
2016-04-04,0.00,0.00,27.9,13.5
2016-04-05,0.00,0.00,27.5,12.3
2016-04-06,0.00,0.00,28.2,12.2
2016-04-07,1.50,1.50,28.0,12.1
2016-04-08,0.40,0.40,27.3,13.0
2016-04-09,0.80,0.80,26.4,10.8
2016-04-10,0.90,0.90,25.4,10.5
2016-04-11,0.00,0.00,27.8,11.7
2016-04-12,0.00,0.00,28.1,13.2
2016-04-13,0.00,0.00,28.6,13.1
2016-04-14,0.00,0.00,28.0,12.8
2016-04-15,0.00,0.00,28.2,11.0
2016-04-16,0.00,0.00,27.5,11.5
2016-04-17,0.40,0.40,26.8,14.4
2016-04-18,4.00,4.00,27.3,15.2
2016-04-19,4.00,4.00,24.9,11.2
2016-04-20,7.80,7.80,21.7,10.8
2016-04-21,2.20,2.20,21.4,9.1
2016-04-22,11.30,11.30,20.1,10.2
2016-04-23,0.00,0.00,20.1,12.2
2016-04-24,0.00,0.00,23.2,9.9
2016-04-25,0.00,0.00,24.5,8.8
2016-04-26,0.00,0.00,25.3,10.0
2016-04-27,0.00,0.00,26.9,9.2
2016-04-28,0.00,0.00,27.7,10.5
2016-04-29,0.00,0.00,28.0,11.1
2016-04-30,0.00,0.00,27.6,10.5
2016-05-01,0.00,0.00,29.3,11.2
2016-05-02,0.70,0.70,30.0,15.1
2016-05-03,1.00,1.00,27.9,14.6
2016-05-04,0.00,0.00,28.4,14.1
2016-05-05,5.30,5.30,27.3,15.1
2016-05-06,0.00,0.00,27.2,13.4
2016-05-07,0.00,0.00,28.5,14.4
2016-05-08,5.10,5.10,28.1,14.8
2016-05-09,4.00,4.00,26.1,11.7
2016-05-10,11.10,11.10,25.9,12.3
2016-05-11,1.40,1.40,24.6,10.3
2016-05-12,8.90,8.90,23.0,12.2
2016-05-13,1.90,1.90,22.9,11.3
2016-05-14,0.30,0.30,21.0,11.8
2016-05-15,23.70,23.70,22.1,13.3
2016-05-16,0.00,0.00,22.6,10.2
2016-05-17,0.30,0.30,23.6,13.1
2016-05-18,0.50,0.50,23.4,10.9
2016-05-19,0.00,0.00,24.9,12.7
2016-05-20,0.00,0.00,26.6,12.6
2016-05-21,1.20,1.20,25.7,15.8
2016-05-22,0.60,0.60,26.6,12.3
2016-05-23,11.60,11.60,26.1,12.2
2016-05-24,0.60,0.60,25.8,10.9
2016-05-25,1.10,1.10,28.0,12.1
2016-05-26,2.20,2.20,26.0,15.0
2016-05-27,4.10,4.10,25.9,13.3
2016-05-28,2.00,2.00,25.8,11.8
2016-05-29,4.10,4.10,25.0,14.9
2016-05-30,1.80,1.80,23.8,12.2
2016-05-31,4.40,4.40,24.6,11.3
2016-06-01,14.40,14.40,22.8,12.1
2016-06-02,1.80,1.80,22.4,11.6
2016-06-03,14.30,14.30,21.7,12.8
2016-06-04,7.60,7.60,23.2,14.0
2016-06-05,5.50,5.50,21.5,11.5
2016-06-06,10.60,10.60,20.0,11.3
2016-06-07,19.60,19.60,21.9,10.2
2016-06-08,2.40,2.40,22.4,11.0
2016-06-09,7.50,7.50,22.7,12.6
2016-06-10,12.20,12.20,22.6,13.0
2016-06-11,9.20,9.20,20.6,13.1
2016-06-12,24.80,24.80,21.7,13.1
2016-06-13,7.70,7.70,21.5,13.7
2016-06-14,3.80,3.80,21.9,13.8
2016-06-15,4.80,4.80,21.6,14.5
2016-06-16,3.10,3.10,23.1,13.6
2016-06-17,0.10,0.10,22.1,11.4
2016-06-18,0.90,0.90,22.2,13.0
2016-06-19,1.60,1.60,20.6,12.3
2016-06-20,13.30,13.30,19.1,12.7
2016-06-21,29.80,29.80,19.8,12.7
2016-06-22,0.30,0.30,20.7,12.2
2016-06-23,0.20,0.20,21.2,10.8
2016-06-24,3.10,3.10,21.8,12.4
2016-06-25,5.40,5.40,21.5,12.4
2016-06-26,11.40,11.40,21.2,12.2
2016-06-27,4.40,4.40,22.4,12.4
2016-06-28,0.60,0.60,21.8,11.6
2016-06-29,1.60,1.60,21.5,11.7
2016-06-30,3.80,3.80,20.6,12.8
2016-07-01,4.70,4.70,21.5,13.8
2016-07-02,11.70,11.70,21.8,13.4
2016-07-03,1.90,1.90,23.4,12.1
2016-07-04,0.80,0.80,21.0,12.6
2016-07-05,4.70,4.70,21.6,12.9
2016-07-06,10.00,10.00,22.5,10.4
2016-07-07,3.50,3.50,23.2,13.2
2016-07-08,0.60,0.60,23.4,11.7
2016-07-09,0.30,0.30,23.3,13.7
2016-07-10,1.80,1.80,22.2,12.5
2016-07-11,14.50,14.50,20.6,13.4
2016-07-12,15.90,15.90,19.8,13.3
2016-07-13,1.80,1.80,21.9,13.2
2016-07-14,9.50,9.50,21.2,13.1
2016-07-15,0.60,0.60,21.8,10.7
2016-07-16,1.20,1.20,22.2,11.7
2016-07-17,0.70,0.70,20.7,11.7
2016-07-18,2.70,2.70,22.2,13.1
2016-07-19,1.90,1.90,21.2,12.3
2016-07-20,4.70,4.70,21.1,12.2
2016-07-21,6.60,6.60,21.1,12.9
2016-07-22,12.20,12.20,21.5,12.2
2016-07-23,6.70,6.70,21.0,13.7
2016-07-24,4.90,4.90,22.5,11.2
2016-07-25,2.50,2.50,21.9,12.4
2016-07-26,2.00,2.00,21.3,14.3
2016-07-27,3.90,3.90,21.8,11.9
2016-07-28,6.20,6.20,21.1,13.2
2016-07-29,2.60,2.60,22.5,13.2
2016-07-30,6.90,6.90,20.7,11.5
2016-07-31,4.40,4.40,20.1,12.4
2016-08-01,0.70,0.70,21.5,12.6
2016-08-02,8.10,8.10,21.3,12.7
2016-08-03,2.90,2.90,22.6,12.5
2016-08-04,0.50,0.50,22.9,12.2
2016-08-05,2.50,2.50,20.0,12.5
2016-08-06,42.20,42.20,18.2,13.5
2016-08-07,6.40,6.40,20.6,13.9
2016-08-08,3.70,3.70,21.0,14.7
2016-08-09,7.00,7.00,22.9,12.5
2016-08-10,1.40,1.40,22.5,13.2
2016-08-11,1.40,1.40,22.9,12.9
2016-08-12,0.50,0.50,23.4,11.4
2016-08-13,1.50,1.50,22.3,12.9
2016-08-14,0.10,0.10,22.0,11.3
2016-08-15,0.60,0.60,22.7,12.0
2016-08-16,9.40,9.40,21.0,13.8
2016-08-17,37.40,37.40,21.8,13.9
2016-08-18,23.70,23.70,21.7,14.1
2016-08-19,2.10,2.10,21.8,12.3
2016-08-20,12.80,12.80,21.4,12.4
2016-08-21,6.60,6.60,21.8,10.8
2016-08-22,2.90,2.90,21.4,12.7
2016-08-23,2.00,2.00,20.9,12.9
2016-08-24,11.20,11.20,20.2,12.1
2016-08-25,3.00,3.00,21.0,10.9
2016-08-26,12.70,12.70,21.8,13.1
2016-08-27,3.20,3.20,21.5,13.2
2016-08-28,1.70,1.70,21.5,13.4
2016-08-29,2.70,2.70,21.5,13.3
2016-08-30,0.80,0.80,21.6,13.2
2016-08-31,1.20,1.20,22.5,12.2
2016-09-01,4.70,4.70,21.5,12.2
2016-09-02,12.70,12.70,21.0,13.4
2016-09-03,19.30,19.30,19.6,13.8
2016-09-04,12.30,12.30,19.0,13.7
2016-09-05,10.50,10.50,18.8,14.0
2016-09-06,12.30,12.30,21.5,13.5
2016-09-07,0.00,0.00,21.3,13.4
2016-09-08,0.00,0.00,21.9,12.4
2016-09-09,0.00,0.00,21.2,10.8
2016-09-10,0.00,0.00,22.7,11.4
2016-09-11,1.70,1.70,20.9,13.0
2016-09-12,2.00,2.00,21.3,12.7
2016-09-13,0.40,0.40,22.0,13.0
2016-09-14,0.30,0.30,21.8,12.3
2016-09-15,0.40,0.40,22.0,13.3
2016-09-16,4.80,4.80,21.9,13.8
2016-09-17,3.50,3.50,22.3,13.6
2016-09-18,1.30,1.30,22.3,12.8
2016-09-19,0.20,0.20,22.8,12.7
2016-09-20,0.90,0.90,21.3,10.4
2016-09-21,0.30,0.30,20.2,11.4
2016-09-22,8.40,8.40,20.6,11.3
2016-09-23,11.10,11.10,21.4,12.3
2016-09-24,2.80,2.80,20.4,9.3
2016-09-25,0.00,0.00,21.4,11.2
2016-09-26,2.70,2.70,21.0,12.5
2016-09-27,40.60,40.60,16.5,12.8
2016-09-28,13.30,13.30,18.9,13.2
2016-09-29,2.00,2.00,19.8,13.0
2016-09-30,0.90,0.90,20.2,13.2
2016-10-01,3.10,3.10,20.2,12.8
2016-10-02,1.90,1.90,20.1,10.9
2016-10-03,2.20,2.20,21.4,12.3
2016-10-04,1.50,1.50,21.8,12.6
2016-10-05,0.10,0.10,22.5,13.0
2016-10-06,0.00,0.00,22.4,13.0
2016-10-07,0.00,0.00,21.9,10.9
2016-10-08,0.70,0.70,20.0,10.9
2016-10-09,24.20,24.20,16.7,11.7
2016-10-10,1.20,1.20,18.5,10.6
2016-10-11,0.00,0.00,20.2,11.6
2016-10-12,1.10,1.10,22.1,11.7
2016-10-13,1.20,1.20,21.1,12.1
2016-10-14,0.00,0.00,20.6,9.9
2016-10-15,0.00,0.00,21.3,11.6
2016-10-16,0.00,0.00,20.8,10.3
2016-10-17,0.30,0.30,21.2,12.2
2016-10-18,0.40,0.40,22.5,9.9
2016-10-19,0.00,0.00,22.1,12.0
2016-10-20,0.00,0.00,21.6,10.9
2016-10-21,8.70,8.70,16.6,12.0
2016-10-22,2.50,2.50,17.2,10.9
2016-10-23,3.00,3.00,19.7,10.6
2016-10-24,0.40,0.40,21.4,11.1
2016-10-25,0.00,0.00,19.0,10.4
2016-10-26,0.00,0.00,19.9,9.9
2016-10-27,0.50,0.50,17.3,6.9
2016-10-28,0.70,0.70,15.4,6.5
2016-10-29,0.10,0.10,18.3,8.9
2016-10-30,2.30,2.30,19.6,10.2
2016-10-31,6.60,6.60,18.9,10.7
2016-11-01,1.50,1.50,21.4,7.0
2016-11-02,0.50,0.50,22.1,9.3
2016-11-03,0.90,0.90,21.5,10.4
2016-11-04,1.90,1.90,19.1,9.3
2016-11-05,1.80,1.80,18.8,8.9
2016-11-06,0.00,0.00,20.3,11.0
2016-11-07,0.00,0.00,22.2,10.6
2016-11-08,5.80,5.80,19.5,10.9
2016-11-09,15.10,15.10,16.9,10.8
2016-11-10,10.30,10.30,15.8,10.6
2016-11-11,3.10,3.10,15.2,10.7
2016-11-12,7.00,7.00,17.5,11.2
2016-11-13,0.70,0.70,17.7,9.9
2016-11-14,0.20,0.20,19.5,9.2
2016-11-15,2.70,2.70,18.1,12.0
2016-11-16,10.50,10.50,15.9,11.4
2016-11-17,0.30,0.30,18.6,7.2
2016-11-18,0.00,0.00,19.6,11.0
2016-11-19,6.20,6.20,13.9,8.6
2016-11-20,0.10,0.10,15.0,8.4
2016-11-21,0.00,0.00,18.5,7.4
2016-11-22,0.00,0.00,19.0,8.3
2016-11-23,0.00,0.00,18.8,7.2
2016-11-24,0.00,0.00,18.3,7.1
2016-11-25,0.00,0.00,18.1,7.9
2016-11-26,0.00,0.00,17.4,7.1
2016-11-27,0.00,0.00,19.3,5.8
2016-11-28,0.00,0.00,21.4,5.9
2016-11-29,0.00,0.00,22.0,7.3
2016-11-30,0.40,0.40,22.1,8.2
2016-12-01,0.00,0.00,22.2,8.0
2016-12-02,0.30,0.30,22.3,9.2
2016-12-03,0.00,0.00,22.1,7.5
2016-12-04,1.20,1.20,20.8,7.2
2016-12-05,0.00,0.00,20.2,6.5
2016-12-06,0.00,0.00,21.8,5.9
2016-12-07,0.00,0.00,22.2,8.0
2016-12-08,2.80,2.80,22.3,9.9
2016-12-09,1.40,1.40,18.3,9.5
2016-12-10,0.00,0.00,17.4,8.5
2016-12-11,0.00,0.00,20.4,9.2
2016-12-12,0.00,0.00,21.4,9.4
2016-12-13,0.00,0.00,21.7,10.1
2016-12-14,0.00,0.00,22.0,8.7
2016-12-15,1.70,1.70,20.3,9.5
2016-12-16,4.20,4.20,20.3,8.7
2016-12-17,0.00,0.00,20.5,7.5
2016-12-18,2.60,2.60,21.0,10.8
2016-12-19,0.00,0.00,19.4,9.3
2016-12-20,0.00,0.00,19.7,7.2
2016-12-21,0.00,0.00,20.1,7.9
2016-12-22,0.00,0.00,20.7,7.3
2016-12-23,0.00,0.00,20.4,7.9
2016-12-24,0.30,0.30,21.5,9.2
2016-12-25,0.00,0.00,20.6,7.8
2016-12-26,0.00,0.00,21.0,9.0
2016-12-27,0.00,0.00,21.1,10.1
2016-12-28,0.00,0.00,20.8,10.7
2016-12-29,0.00,0.00,22.1,9.2
2016-12-30,3.10,3.10,17.3,10.1
2016-12-31,0.60,0.60,20.4,8.8
2017-01-01,0.00,0.00,22.1,8.1
2017-01-02,0.00,0.00,24.4,7.4
2017-01-03,0.00,0.00,24.9,8.0
2017-01-04,0.00,0.00,26.2,8.3
2017-01-05,0.00,0.00,25.9,7.2
2017-01-06,0.00,0.00,25.6,9.5
2017-01-07,0.00,0.00,21.8,8.3
2017-01-08,0.00,0.00,20.6,4.7
2017-01-09,0.00,0.00,19.9,2.6
2017-01-10,0.00,0.00,22.1,2.4
2017-01-11,0.00,0.00,21.4,5.2
2017-01-12,0.00,0.00,22.4,6.4
2017-01-13,0.00,0.00,22.4,6.4
2017-01-14,0.00,0.00,21.4,6.6
2017-01-15,0.00,0.00,22.2,4.8
2017-01-16,0.00,0.00,22.8,6.3
2017-01-17,0.00,0.00,23.0,7.2
2017-01-18,0.00,0.00,22.5,7.5
2017-01-19,0.00,0.00,24.4,6.7
2017-01-20,0.00,0.00,23.0,6.4
2017-01-21,0.00,0.00,24.2,5.6
2017-01-22,0.00,0.00,24.1,5.5
2017-01-23,0.00,0.00,24.4,5.5
2017-01-24,0.00,0.00,24.4,5.8
2017-01-25,0.00,0.00,25.1,5.5
2017-01-26,0.00,0.00,25.9,8.4
2017-01-27,0.00,0.00,25.7,7.6
2017-01-28,0.00,0.00,24.0,6.4
2017-01-29,0.00,0.00,20.3,5.3
2017-01-30,0.00,0.00,21.5,4.0
2017-01-31,0.00,0.00,22.0,7.6
2017-02-01,0.10,0.10,22.0,7.5
2017-02-02,0.20,0.20,21.7,8.5
2017-02-03,0.10,0.10,22.2,7.2
2017-02-04,0.30,0.30,22.6,10.4
2017-02-05,0.00,0.00,22.9,8.9
2017-02-06,0.00,0.00,22.5,8.3
2017-02-07,0.00,0.00,25.0,9.1
2017-02-08,0.00,0.00,25.9,10.0
2017-02-09,0.00,0.00,25.1,8.5
2017-02-10,0.00,0.00,24.4,6.4
2017-02-11,0.00,0.00,25.6,7.7
2017-02-12,0.00,0.00,25.3,8.3
2017-02-13,0.70,0.70,24.5,9.2
2017-02-14,0.00,0.00,25.0,7.6
2017-02-15,0.00,0.00,24.7,7.7
2017-02-16,0.00,0.00,22.0,8.9
2017-02-17,0.00,0.00,22.7,6.6
2017-02-18,0.00,0.00,25.6,4.6
2017-02-19,0.00,0.00,23.7,5.8
2017-02-20,0.00,0.00,25.0,9.3
2017-02-21,0.10,0.10,21.7,10.1
2017-02-22,0.00,0.00,24.7,9.2
2017-02-23,0.00,0.00,26.4,8.1
2017-02-24,0.00,0.00,24.9,5.1
2017-02-25,0.00,0.00,24.9,8.1
2017-02-26,0.00,0.00,25.8,8.3
2017-02-27,0.00,0.00,26.8,9.8
2017-02-28,0.00,0.00,27.3,10.9
2017-03-01,0.00,0.00,28.4,11.6
2017-03-02,0.70,0.70,24.5,12.5
2017-03-03,3.10,3.10,23.3,9.7
2017-03-04,0.90,0.90,22.7,8.6
2017-03-05,0.40,0.40,22.8,10.7
2017-03-06,0.10,0.10,24.0,12.1
2017-03-07,4.90,4.90,24.3,10.5
2017-03-08,0.40,0.40,22.9,11.0
2017-03-09,0.30,0.30,22.1,9.7
2017-03-10,0.50,0.50,22.9,10.7
2017-03-11,8.20,8.20,22.6,10.7
2017-03-12,2.80,2.80,21.8,10.2
2017-03-13,1.30,1.30,20.2,8.3
2017-03-14,3.20,3.20,19.8,8.4
2017-03-15,12.00,12.00,19.8,8.3
2017-03-16,1.70,1.70,20.7,7.2
2017-03-17,0.00,0.00,23.1,8.6
2017-03-18,0.00,0.00,24.2,7.4
2017-03-19,0.00,0.00,24.6,8.2
2017-03-20,0.00,0.00,25.2,6.8
2017-03-21,0.00,0.00,26.1,8.5
2017-03-22,0.00,0.00,26.0,8.6
2017-03-23,0.00,0.00,27.3,6.9
2017-03-24,1.10,1.10,28.0,9.2
2017-03-25,1.20,1.20,26.3,11.2
2017-03-26,2.90,2.90,25.6,11.2
2017-03-27,0.00,0.00,25.8,9.5
2017-03-28,0.00,0.00,27.9,10.6
2017-03-29,0.00,0.00,28.0,9.2
2017-03-30,0.00,0.00,27.7,9.4
2017-03-31,0.00,0.00,27.9,11.1
2017-04-01,0.00,0.00,27.9,9.4
2017-04-02,0.00,0.00,27.4,9.3
2017-04-03,0.00,0.00,28.3,7.3
2017-04-04,0.00,0.00,28.6,9.0
2017-04-05,0.00,0.00,29.8,12.1
2017-04-06,2.40,2.40,26.2,12.3
2017-04-07,1.90,1.90,26.5,12.2
2017-04-08,2.50,2.50,27.2,13.4
2017-04-09,0.00,0.00,28.1,11.3
2017-04-10,0.00,0.00,27.6,12.0
2017-04-11,6.50,6.50,26.0,12.4
2017-04-12,0.10,0.10,25.3,11.0
2017-04-13,0.20,0.20,24.6,9.9
2017-04-14,0.50,0.50,24.5,10.0
2017-04-15,0.50,0.50,25.5,11.6
2017-04-16,3.80,3.80,25.1,11.5
2017-04-17,2.00,2.00,24.6,10.5
2017-04-18,7.30,7.30,18.6,10.4
2017-04-19,0.10,0.10,21.9,8.4
2017-04-20,0.20,0.20,24.9,9.8
2017-04-21,0.10,0.10,25.5,11.0
2017-04-22,0.00,0.00,27.6,11.1
2017-04-23,0.20,0.20,25.9,10.4
2017-04-24,0.00,0.00,27.0,11.0
2017-04-25,0.00,0.00,28.9,11.6
2017-04-26,0.00,0.00,28.2,11.0
2017-04-27,0.40,0.40,28.7,12.0
2017-04-28,3.90,3.90,28.3,13.0
2017-04-29,0.50,0.50,30.2,15.2
2017-04-30,0.00,0.00,30.3,11.0
2017-05-01,0.10,0.10,28.6,13.1
2017-05-02,1.30,1.30,27.8,13.5
2017-05-03,0.00,0.00,27.8,12.6
2017-05-04,4.60,4.60,24.7,14.0
2017-05-05,3.50,3.50,22.2,12.3
2017-05-06,0.20,0.20,24.4,11.2
2017-05-07,0.30,0.30,25.0,13.6
2017-05-08,7.00,7.00,25.0,11.8
2017-05-09,1.50,1.50,24.6,12.1
2017-05-10,1.20,1.20,26.9,14.3
2017-05-11,3.80,3.80,28.5,12.9
2017-05-12,1.30,1.30,27.3,12.4
2017-05-13,10.20,10.20,23.9,13.9
2017-05-14,0.30,0.30,24.6,13.4
2017-05-15,0.00,0.00,26.1,12.5
2017-05-16,0.00,0.00,28.2,13.3
2017-05-17,0.20,0.20,29.9,14.6
2017-05-18,1.00,1.00,30.1,15.2
2017-05-19,0.00,0.00,29.9,15.4
2017-05-20,1.30,1.30,30.1,14.6
2017-05-21,1.40,1.40,28.9,16.2
2017-05-22,0.20,0.20,28.6,14.9
2017-05-23,0.50,0.50,29.2,15.5
2017-05-24,6.20,6.20,26.1,16.0
2017-05-25,6.60,6.60,25.5,15.2
2017-05-26,0.00,0.00,29.2,13.3
2017-05-27,4.40,4.40,28.4,16.0
2017-05-28,0.90,0.90,29.5,15.7
2017-05-29,4.10,4.10,25.2,13.5
2017-05-30,2.80,2.80,24.4,14.3
2017-05-31,7.30,7.30,20.8,15.3
2017-06-01,5.10,5.10,23.7,14.6
2017-06-02,3.40,3.40,24.4,14.4
2017-06-03,0.20,0.20,26.0,13.6
2017-06-04,0.00,0.00,26.8,13.7
2017-06-05,7.80,7.80,24.7,14.9
2017-06-06,2.30,2.30,27.2,15.0
2017-06-07,15.40,15.40,25.7,13.0
2017-06-08,2.00,2.00,26.3,14.8
2017-06-09,1.40,1.40,25.7,14.1
2017-06-10,6.20,6.20,26.0,15.5
2017-06-11,14.30,14.30,23.1,14.6
2017-06-12,1.40,1.40,28.2,13.9
2017-06-13,6.30,6.30,26.9,12.1
2017-06-14,6.00,6.00,25.5,15.1
2017-06-15,1.30,1.30,25.4,13.8
2017-06-16,2.50,2.50,26.7,15.1
2017-06-17,0.30,0.30,27.8,13.6
2017-06-18,0.00,0.00,28.5,12.7
2017-06-19,1.00,1.00,28.0,13.2
2017-06-20,0.00,0.00,27.5,13.1
2017-06-21,0.10,0.10,28.2,11.3
2017-06-22,0.20,0.20,28.7,14.7
2017-06-23,0.00,0.00,30.6,14.3
2017-06-24,4.60,4.60,25.0,15.4
2017-06-25,11.40,11.40,24.8,15.5
2017-06-26,23.20,23.20,22.8,14.7
2017-06-27,5.10,5.10,20.2,14.3
2017-06-28,10.90,10.90,20.3,14.6
2017-06-29,8.50,8.50,21.0,13.9
2017-06-30,3.40,3.40,22.4,14.4
2017-07-01,9.00,9.00,20.7,12.9
2017-07-02,6.20,6.20,22.4,13.2
2017-07-03,10.90,10.90,21.9,13.9
2017-07-04,19.80,19.80,19.7,13.6
2017-07-05,8.30,8.30,22.8,13.1
2017-07-06,9.10,9.10,21.5,12.9
2017-07-07,8.70,8.70,20.3,12.6
2017-07-08,36.30,36.30,20.0,13.7
2017-07-09,29.50,29.50,19.3,13.1
2017-07-10,7.60,7.60,19.4,12.7
2017-07-11,17.60,17.60,20.5,12.2
2017-07-12,10.00,10.00,20.5,11.5
2017-07-13,3.60,3.60,22.1,13.4
2017-07-14,2.10,2.10,22.3,11.6
2017-07-15,2.80,2.80,24.0,12.6
2017-07-16,2.30,2.30,22.1,13.3
2017-07-17,5.20,5.20,20.6,12.4
2017-07-18,8.80,8.80,21.2,12.7
2017-07-19,25.20,25.20,20.7,13.4
2017-07-20,13.90,13.90,21.6,12.6
2017-07-21,7.60,7.60,21.3,13.4
2017-07-22,5.40,5.40,23.5,12.2
2017-07-23,23.10,23.10,19.8,12.9
2017-07-24,21.70,21.70,20.2,13.7
2017-07-25,13.90,13.90,19.0,13.8
2017-07-26,15.90,15.90,21.6,12.9
2017-07-27,12.60,12.60,21.9,12.9
2017-07-28,11.40,11.40,23.6,12.4
2017-07-29,1.50,1.50,23.9,14.0
2017-07-30,0.30,0.30,25.2,14.2
2017-07-31,0.00,0.00,25.2,13.2
2017-08-01,1.10,1.10,24.5,13.8
2017-08-02,11.40,11.40,24.1,14.7
2017-08-03,4.90,4.90,23.6,14.6
2017-08-04,10.00,10.00,22.9,13.5
2017-08-05,1.70,1.70,24.4,13.9
2017-08-06,1.60,1.60,25.1,14.4
2017-08-07,3.70,3.70,25.9,14.5
2017-08-08,3.80,3.80,26.7,15.0
2017-08-09,4.40,4.40,22.9,12.4
2017-08-10,30.40,30.40,18.0,14.3
2017-08-11,0.70,0.70,23.4,11.5
2017-08-12,0.50,0.50,23.5,11.7
2017-08-13,2.30,2.30,22.8,13.4
2017-08-14,1.60,1.60,22.8,13.2
2017-08-15,4.40,4.40,24.4,13.2
2017-08-16,9.40,9.40,21.5,13.0
2017-08-17,10.10,10.10,21.7,13.2
2017-08-18,7.10,7.10,23.2,13.7
2017-08-19,1.80,1.80,23.8,13.8
2017-08-20,4.30,4.30,25.4,14.2
2017-08-21,3.50,3.50,24.7,13.6
2017-08-22,9.00,9.00,23.8,14.1
2017-08-23,2.00,2.00,23.6,13.2
2017-08-24,1.70,1.70,23.2,12.4
2017-08-25,0.80,0.80,23.2,12.8
2017-08-26,17.40,17.40,23.0,13.5
2017-08-27,7.70,7.70,23.4,15.3
2017-08-28,16.50,16.50,21.6,15.2
2017-08-29,19.40,19.40,20.1,14.6
2017-08-30,17.60,17.60,18.6,14.0
2017-08-31,25.40,25.40,20.6,14.4
2017-09-01,23.70,23.70,19.4,14.4
2017-09-02,3.70,3.70,19.4,14.5
2017-09-03,18.30,18.30,19.3,14.4
2017-09-04,8.80,8.80,20.4,14.2
2017-09-05,12.50,12.50,20.5,11.8
2017-09-06,22.10,22.10,19.5,13.1
2017-09-07,5.30,5.30,17.4,13.8
2017-09-08,3.60,3.60,19.6,13.7
2017-09-09,15.90,15.90,18.8,13.5
2017-09-10,2.40,2.40,19.3,12.6
2017-09-11,0.00,0.00,22.1,8.7
2017-09-12,0.00,0.00,21.7,8.5
2017-09-13,0.00,0.00,20.9,8.7
2017-09-14,0.70,0.70,23.1,11.0
2017-09-15,0.00,0.00,24.4,9.8
2017-09-16,0.10,0.10,23.6,10.7
2017-09-17,9.20,9.20,22.4,14.1
2017-09-18,3.00,3.00,24.1,13.3
2017-09-19,1.90,1.90,24.0,14.0
2017-09-20,4.50,4.50,24.8,14.7
2017-09-21,4.50,4.50,21.0,14.8
2017-09-22,9.00,9.00,22.7,14.5
2017-09-23,7.40,7.40,21.4,14.0
2017-09-24,8.70,8.70,21.5,13.4
2017-09-25,9.80,9.80,22.4,13.4
2017-09-26,9.90,9.90,22.0,12.9
2017-09-27,4.40,4.40,24.2,14.1
2017-09-28,6.80,6.80,22.5,14.5
2017-09-29,1.30,1.30,21.6,14.3
2017-09-30,11.80,11.80,19.0,14.2
2017-10-01,2.80,2.80,20.7,14.0
2017-10-02,2.50,2.50,22.4,13.7
2017-10-03,2.50,2.50,21.2,12.9
2017-10-04,6.50,6.50,21.9,14.1
2017-10-05,1.50,1.50,22.8,13.2
2017-10-06,3.80,3.80,20.8,11.5
2017-10-07,0.00,0.00,23.0,7.9
2017-10-08,0.80,0.80,22.1,10.5
2017-10-09,10.50,10.50,22.0,13.1
2017-10-10,1.70,1.70,22.6,11.6
2017-10-11,1.50,1.50,19.4,12.5
2017-10-12,1.70,1.70,21.2,12.3
2017-10-13,3.90,3.90,20.7,12.4
2017-10-14,0.20,0.20,21.7,11.9
2017-10-15,5.60,5.60,22.3,13.0
2017-10-16,1.70,1.70,20.1,12.6
2017-10-17,0.40,0.40,20.0,11.9
2017-10-18,0.30,0.30,22.2,12.1
2017-10-19,10.50,10.50,21.9,12.0
2017-10-20,0.00,0.00,23.1,11.0
2017-10-21,0.00,0.00,24.5,11.7
2017-10-22,0.00,0.00,26.0,10.5
2017-10-23,0.10,0.10,21.1,10.5
2017-10-24,1.30,1.30,22.0,11.9
2017-10-25,0.00,0.00,19.6,8.1
2017-10-26,0.00,0.00,22.6,5.3
2017-10-27,0.00,0.00,23.9,9.9
2017-10-28,0.20,0.20,21.9,10.3
2017-10-29,0.10,0.10,22.9,9.9
2017-10-30,0.20,0.20,22.9,10.6
2017-10-31,1.10,1.10,24.1,11.6
2017-11-01,5.50,5.50,24.1,11.3
2017-11-02,0.80,0.80,25.5,14.3
2017-11-03,0.00,0.00,27.5,11.4
2017-11-04,0.00,0.00,25.8,9.9
2017-11-05,0.00,0.00,26.0,9.3
2017-11-06,0.00,0.00,27.2,9.1
2017-11-07,0.00,0.00,28.5,7.6
2017-11-08,0.00,0.00,27.8,8.1
2017-11-09,0.00,0.00,24.5,9.5
2017-11-10,0.00,0.00,24.7,8.9
2017-11-11,0.00,0.00,24.5,12.5
2017-11-12,0.20,0.20,25.6,11.9
2017-11-13,0.90,0.90,22.5,11.5
2017-11-14,0.00,0.00,23.9,11.8
2017-11-15,0.00,0.00,24.6,9.8
2017-11-16,0.00,0.00,24.0,6.7
2017-11-17,0.00,0.00,24.3,9.2
2017-11-18,0.00,0.00,25.5,7.4
2017-11-19,0.00,0.00,19.3,8.0
2017-11-20,0.00,0.00,23.9,6.8
2017-11-21,0.00,0.00,23.8,9.8
2017-11-22,1.10,1.10,20.2,8.4
2017-11-23,0.00,0.00,20.2,4.7
2017-11-24,0.00,0.00,21.1,4.4
2017-11-25,0.00,0.00,23.2,5.6
2017-11-26,0.00,0.00,22.5,5.6
2017-11-27,0.00,0.00,20.8,6.6
2017-11-28,0.00,0.00,23.5,7.5
2017-11-29,0.00,0.00,23.3,4.6
2017-11-30,0.00,0.00,22.2,8.0
2017-12-01,0.00,0.00,21.5,5.0
2017-12-02,0.00,0.00,22.3,7.4
2017-12-03,0.00,0.00,22.5,8.1
2017-12-04,0.00,0.00,24.2,8.0
2017-12-05,0.00,0.00,24.8,8.1
2017-12-06,0.00,0.00,24.2,8.1
2017-12-07,0.00,0.00,23.7,6.9
2017-12-08,0.00,0.00,22.8,7.0
2017-12-09,0.00,0.00,17.0,0.4
2017-12-10,0.00,0.00,18.0,2.1
2017-12-11,0.00,0.00,20.1,-0.4
2017-12-12,0.00,0.00,20.8,1.7
2017-12-13,0.00,0.00,22.7,0.9
2017-12-14,0.00,0.00,23.9,8.6
2017-12-15,0.00,0.00,24.3,5.7
2017-12-16,0.00,0.00,21.5,7.4
2017-12-17,0.20,0.20,22.0,8.2
2017-12-18,0.00,0.00,23.6,7.9
2017-12-19,0.00,0.00,23.6,8.1
2017-12-20,0.00,0.00,24.7,9.6
2017-12-21,0.00,0.00,24.6,8.0
2017-12-22,0.00,0.00,24.3,7.6
2017-12-23,0.00,0.00,23.3,7.5
2017-12-24,0.00,0.00,23.7,7.6
2017-12-25,0.00,0.00,22.0,8.4
2017-12-26,0.00,0.00,23.6,6.7
2017-12-27,0.00,0.00,23.7,6.1
2017-12-28,0.00,0.00,22.3,9.0
2017-12-29,0.00,0.00,21.4,8.3
2017-12-30,0.00,0.00,22.1,6.9
2017-12-31,0.10,0.10,21.7,6.7
2018-01-01,0.40,0.40,18.7,8.5
2018-01-02,0.00,0.00,20.7,5.7
2018-01-03,0.00,0.00,21.8,8.9
2018-01-04,0.00,0.00,22.1,6.9
2018-01-05,0.00,0.00,22.7,9.6
2018-01-06,0.00,0.00,21.6,6.8
2018-01-07,0.00,0.00,22.9,4.7
2018-01-08,0.00,0.00,21.9,7.7
2018-01-09,0.00,0.00,23.6,2.4
2018-01-10,0.00,0.00,24.3,5.4
2018-01-11,0.00,0.00,25.3,5.4
2018-01-12,0.10,0.10,22.1,7.7
2018-01-13,0.00,0.00,20.8,3.5
2018-01-14,0.10,0.10,19.2,1.3
2018-01-15,0.00,0.00,20.9,0.4
2018-01-16,0.00,0.00,20.9,3.3
2018-01-17,0.00,0.00,19.8,3.4
2018-01-18,0.00,0.00,19.9,3.5
2018-01-19,0.00,0.00,20.7,4.0
2018-01-20,0.00,0.00,21.6,5.1
2018-01-21,0.00,0.00,23.5,5.7
2018-01-22,0.00,0.00,24.4,8.2
2018-01-23,0.60,0.60,23.2,8.9
2018-01-24,9.90,9.90,20.3,7.1
2018-01-25,0.80,0.80,19.5,8.2
2018-01-26,1.70,1.70,20.3,5.8
2018-01-27,5.10,5.10,20.8,7.0
2018-01-28,9.00,9.00,16.5,9.6
2018-01-29,0.60,0.60,10.7,5.6
2018-01-30,0.00,0.00,15.3,3.3
2018-01-31,0.00,0.00,20.9,0.9
2018-02-01,0.00,0.00,21.9,7.3
2018-02-02,0.00,0.00,23.5,7.6
2018-02-03,0.00,0.00,23.8,7.8
2018-02-04,0.00,0.00,23.9,8.7
2018-02-05,0.00,0.00,24.6,9.7
2018-02-06,0.10,0.10,24.5,10.2
2018-02-07,0.10,0.10,23.4,9.2
2018-02-08,0.00,0.00,21.3,11.0
2018-02-09,6.20,6.20,20.6,8.2
2018-02-10,0.90,0.90,21.7,8.6
2018-02-11,1.90,1.90,20.9,7.5
2018-02-12,0.80,0.80,21.8,8.9
2018-02-13,0.10,0.10,24.2,9.3
2018-02-14,0.00,0.00,24.1,10.3
2018-02-15,0.00,0.00,24.8,9.8
2018-02-16,0.00,0.00,26.6,8.8
2018-02-17,0.00,0.00,25.5,11.1
2018-02-18,0.00,0.00,24.4,10.3
2018-02-19,0.00,0.00,23.4,10.2
2018-02-20,2.60,2.60,21.3,13.6
2018-02-21,0.00,0.00,24.6,8.9
2018-02-22,0.20,0.20,24.2,10.7
2018-02-23,2.30,2.30,23.5,11.3
2018-02-24,0.10,0.10,25.3,10.2
2018-02-25,1.50,1.50,24.4,10.4
2018-02-26,0.80,0.80,24.6,12.5
2018-02-27,0.80,0.80,25.7,12.7
2018-02-28,0.10,0.10,25.9,9.7
2018-03-01,0.10,0.10,27.1,12.0
2018-03-02,0.00,0.00,26.6,13.0
2018-03-03,0.00,0.00,26.3,8.2
2018-03-04,0.00,0.00,27.0,9.6
2018-03-05,0.50,0.50,26.6,9.9
2018-03-06,0.70,0.70,25.0,11.1
2018-03-07,1.10,1.10,22.8,12.9
2018-03-08,0.10,0.10,24.0,9.1
2018-03-09,0.10,0.10,24.3,10.3
2018-03-10,0.00,0.00,27.6,9.9
2018-03-11,0.00,0.00,28.8,11.2
2018-03-12,0.30,0.30,26.1,12.9
2018-03-13,3.20,3.20,26.9,10.8
2018-03-14,2.80,2.80,25.7,9.6
2018-03-15,2.60,2.60,25.4,10.5
2018-03-16,0.70,0.70,25.8,8.8
2018-03-17,0.00,0.00,26.9,10.3
2018-03-18,0.00,0.00,27.5,11.0
2018-03-19,0.00,0.00,28.6,12.1
2018-03-20,0.00,0.00,27.7,12.3
2018-03-21,0.00,0.00,26.1,11.2
2018-03-22,1.00,1.00,25.7,10.7
2018-03-23,0.00,0.00,27.2,10.7
2018-03-24,0.00,0.00,29.0,11.0
2018-03-25,0.00,0.00,29.0,10.0
2018-03-26,0.50,0.50,28.4,12.0
2018-03-27,0.10,0.10,26.6,11.6
2018-03-28,0.00,0.00,28.4,11.4
2018-03-29,0.00,0.00,28.3,11.0
2018-03-30,2.10,2.10,23.8,12.9
2018-03-31,0.00,0.00,25.9,9.1
2018-04-01,0.00,0.00,27.2,9.7
2018-04-02,0.00,0.00,27.1,12.9
2018-04-03,1.70,1.70,25.6,13.8
2018-04-04,4.70,4.70,24.9,12.8
2018-04-05,9.40,9.40,24.6,12.6
2018-04-06,0.50,0.50,24.4,11.2
2018-04-07,0.00,0.00,25.4,10.2
2018-04-08,0.90,0.90,27.0,12.1
2018-04-09,2.60,2.60,26.5,11.6
2018-04-10,2.10,2.10,23.8,11.6
2018-04-11,1.40,1.40,21.0,11.3
2018-04-12,2.10,2.10,22.0,11.6
2018-04-13,0.10,0.10,26.0,10.0
2018-04-14,0.00,0.00,27.7,9.2
2018-04-15,0.50,0.50,24.2,8.7
2018-04-16,0.00,0.00,25.4,8.0
2018-04-17,0.30,0.30,27.0,12.4
2018-04-18,0.20,0.20,28.3,12.7
2018-04-19,0.00,0.00,29.1,11.8
2018-04-20,0.00,0.00,28.0,10.0
2018-04-21,0.10,0.10,28.1,11.2
2018-04-22,14.00,14.00,28.5,14.0
2018-04-23,7.80,7.80,26.5,14.2
2018-04-24,9.30,9.30,22.0,14.0
2018-04-25,3.20,3.20,25.0,12.2
2018-04-26,0.00,0.00,24.4,12.6
2018-04-27,0.80,0.80,25.2,10.8
2018-04-28,4.00,4.00,24.0,12.1
2018-04-29,3.30,3.30,25.2,11.1
2018-04-30,3.50,3.50,25.0,12.8
2018-05-01,11.60,11.60,25.4,11.4
2018-05-02,2.50,2.50,25.3,11.7
2018-05-03,13.50,13.50,24.9,12.9
2018-05-04,4.50,4.50,27.7,13.9
2018-05-05,0.30,0.30,24.0,12.6
2018-05-06,4.30,4.30,20.9,13.3
2018-05-07,1.10,1.10,22.5,13.0
2018-05-08,11.10,11.10,19.0,12.7
2018-05-09,0.20,0.20,23.3,11.2
2018-05-10,0.00,0.00,23.6,10.4
2018-05-11,0.60,0.60,23.3,10.0
2018-05-12,0.80,0.80,23.8,10.8
2018-05-13,0.40,0.40,25.5,12.2
2018-05-14,0.00,0.00,27.4,12.8
2018-05-15,0.10,0.10,29.1,13.4
2018-05-16,0.00,0.00,29.3,13.5
2018-05-17,0.40,0.40,27.9,12.3
2018-05-18,0.00,0.00,30.2,12.3
2018-05-19,4.70,4.70,28.7,14.4
2018-05-20,4.50,4.50,27.2,13.4
2018-05-21,8.60,8.60,24.6,12.8
2018-05-22,1.50,1.50,27.6,13.3
2018-05-23,0.20,0.20,27.4,12.8
2018-05-24,0.00,0.00,30.0,13.4
2018-05-25,0.00,0.00,28.8,14.0
2018-05-26,0.00,0.00,28.9,11.3
2018-05-27,0.00,0.00,30.3,11.5
2018-05-28,0.00,0.00,31.5,12.7
2018-05-29,0.00,0.00,32.6,14.0
2018-05-30,0.00,0.00,33.3,14.6
2018-05-31,0.00,0.00,33.4,12.4
2018-06-01,0.20,0.20,31.0,13.4
2018-06-02,0.30,0.30,29.6,14.8
2018-06-03,0.00,0.00,28.4,13.7
2018-06-04,0.00,0.00,29.7,12.5
2018-06-05,0.20,0.20,28.9,13.2
2018-06-06,3.40,3.40,29.1,14.8
2018-06-07,9.60,9.60,28.1,16.0
2018-06-08,3.40,3.40,27.9,14.7
2018-06-09,7.90,7.90,25.2,14.9
2018-06-10,0.70,0.70,24.4,13.1
2018-06-11,6.90,6.90,23.1,14.7
2018-06-12,32.80,32.80,22.4,14.8
2018-06-13,15.80,15.80,19.4,13.2
2018-06-14,22.90,22.90,17.9,14.1
2018-06-15,9.00,9.00,18.7,12.9
2018-06-16,13.10,13.10,21.4,13.7
2018-06-17,5.70,5.70,22.4,13.5
2018-06-18,10.00,10.00,20.0,13.5
2018-06-19,5.20,5.20,21.8,12.7
2018-06-20,4.70,4.70,20.2,13.4
2018-06-21,2.40,2.40,19.9,14.1
2018-06-22,7.70,7.70,21.5,12.3
2018-06-23,8.70,8.70,21.4,12.2
2018-06-24,0.90,0.90,21.4,11.1
2018-06-25,2.20,2.20,22.6,11.4
2018-06-26,4.30,4.30,21.6,13.4
2018-06-27,6.40,6.40,22.0,12.8
2018-06-28,5.70,5.70,22.3,13.4
2018-06-29,7.20,7.20,21.5,12.2
2018-06-30,2.40,2.40,22.2,12.4
2018-07-01,0.40,0.40,22.9,13.1
2018-07-02,4.50,4.50,23.5,13.8
2018-07-03,9.20,9.20,20.8,12.4
2018-07-04,17.70,17.70,20.7,12.3
2018-07-05,1.60,1.60,23.7,11.0
2018-07-06,6.80,6.80,21.7,12.1
2018-07-07,4.80,4.80,22.2,12.1
2018-07-08,16.20,16.20,19.6,13.2
2018-07-09,1.70,1.70,21.9,12.1
2018-07-10,11.00,11.00,20.2,11.5
2018-07-11,10.30,10.30,20.7,11.5
2018-07-12,1.90,1.90,23.1,11.3
2018-07-13,6.40,6.40,21.7,11.0
2018-07-14,13.50,13.50,20.7,13.0
2018-07-15,0.20,0.20,21.7,11.7
2018-07-16,11.70,11.70,21.1,13.0
2018-07-17,12.30,12.30,20.5,11.2
2018-07-18,1.80,1.80,24.2,11.5
2018-07-19,0.80,0.80,23.5,11.6
2018-07-20,11.30,11.30,22.5,11.6
2018-07-21,1.70,1.70,26.4,12.4
2018-07-22,0.10,0.10,24.0,11.5
2018-07-23,0.10,0.10,25.3,10.9
2018-07-24,0.20,0.20,26.5,11.8
2018-07-25,0.00,0.00,25.5,13.1
2018-07-26,3.90,3.90,24.3,13.9
2018-07-27,15.50,15.50,23.0,13.0
2018-07-28,9.00,9.00,22.8,13.8
2018-07-29,0.90,0.90,25.2,13.6
2018-07-30,0.80,0.80,24.7,11.4
2018-07-31,1.80,1.80,23.8,12.4
2018-08-01,0.90,0.90,26.3,13.7
2018-08-02,3.40,3.40,23.2,12.1
2018-08-03,15.10,15.10,20.7,12.7
2018-08-04,32.60,32.60,18.8,13.1
2018-08-05,19.40,19.40,21.5,12.7
2018-08-06,8.30,8.30,21.5,12.9
2018-08-07,3.10,3.10,22.8,11.8
2018-08-08,5.80,5.80,22.5,12.5
2018-08-09,4.10,4.10,21.7,11.5
2018-08-10,13.30,13.30,21.1,12.0
2018-08-11,19.20,19.20,21.2,11.7
2018-08-12,7.00,7.00,18.8,12.1
2018-08-13,1.40,1.40,21.8,12.2
2018-08-14,2.30,2.30,21.8,11.8
2018-08-15,26.90,26.90,20.1,12.8
2018-08-16,4.10,4.10,23.6,11.8
2018-08-17,2.10,2.10,23.0,11.2
2018-08-18,3.20,3.20,23.3,11.6
2018-08-19,14.00,14.00,21.5,12.7
2018-08-20,11.50,11.50,22.7,13.5
2018-08-21,14.30,14.30,20.5,12.7
2018-08-22,13.10,13.10,21.1,11.7
2018-08-23,21.30,21.30,20.5,12.2
2018-08-24,14.60,14.60,21.0,12.0
2018-08-25,7.20,7.20,24.2,13.0
2018-08-26,3.80,3.80,22.7,12.9
2018-08-27,14.60,14.60,21.6,12.6
2018-08-28,17.50,17.50,21.0,13.4
2018-08-29,11.30,11.30,20.1,12.0
2018-08-30,8.00,8.00,21.7,13.2
2018-08-31,25.60,25.60,20.7,13.7
2018-09-01,7.30,7.30,22.4,12.5
2018-09-02,12.60,12.60,22.3,13.5
2018-09-03,4.50,4.50,22.9,13.2
2018-09-04,3.70,3.70,23.6,13.5
2018-09-05,17.20,17.20,22.1,13.4
2018-09-06,13.80,13.80,21.0,13.3
2018-09-07,4.90,4.90,21.6,12.9
2018-09-08,6.60,6.60,21.0,13.7
2018-09-09,8.90,8.90,22.0,12.7
2018-09-10,7.20,7.20,22.2,13.1
2018-09-11,2.60,2.60,21.6,11.8
2018-09-12,14.90,14.90,21.1,14.2
2018-09-13,24.50,24.50,20.3,14.7
2018-09-14,8.40,8.40,21.7,12.1
2018-09-15,6.10,6.10,20.6,12.9
2018-09-16,4.00,4.00,20.8,13.2
2018-09-17,11.90,11.90,21.6,13.8
2018-09-18,11.60,11.60,21.4,13.0
2018-09-19,1.40,1.40,22.3,13.3
2018-09-20,3.80,3.80,23.2,13.6
2018-09-21,5.30,5.30,22.3,13.0
2018-09-22,12.70,12.70,22.3,14.1
2018-09-23,4.40,4.40,23.2,12.5
2018-09-24,1.10,1.10,22.7,13.0
2018-09-25,8.60,8.60,23.6,13.3
2018-09-26,9.40,9.40,22.9,13.1
2018-09-27,8.80,8.80,21.1,12.0
2018-09-28,2.90,2.90,21.8,11.9
2018-09-29,5.30,5.30,21.8,12.8
2018-09-30,3.50,3.50,24.0,13.1
2018-10-01,0.30,0.30,23.5,12.8
2018-10-02,1.10,1.10,22.2,11.9
2018-10-03,2.70,2.70,23.3,12.3
2018-10-04,2.30,2.30,22.0,12.3
2018-10-05,3.50,3.50,22.5,12.3
2018-10-06,2.40,2.40,21.9,12.4
2018-10-07,0.80,0.80,21.0,12.6
2018-10-08,0.60,0.60,21.6,10.9
2018-10-09,2.80,2.80,22.7,10.0
2018-10-10,17.60,17.60,21.6,12.7
2018-10-11,14.80,14.80,20.8,13.8
2018-10-12,8.40,8.40,20.7,14.0
2018-10-13,6.10,6.10,20.4,13.3
2018-10-14,8.40,8.40,23.0,11.7
2018-10-15,2.30,2.30,22.3,12.5
2018-10-16,8.40,8.40,22.2,13.4
2018-10-17,6.20,6.20,21.4,12.1
2018-10-18,0.70,0.70,19.8,12.3
2018-10-19,3.20,3.20,22.3,11.2
2018-10-20,6.00,6.00,21.2,12.2
2018-10-21,5.00,5.00,22.6,13.2
2018-10-22,2.10,2.10,21.7,12.2
2018-10-23,0.00,0.00,22.9,9.5
2018-10-24,0.00,0.00,21.6,7.5
2018-10-25,0.30,0.30,23.0,11.9
2018-10-26,5.10,5.10,21.4,12.4
2018-10-27,14.90,14.90,18.9,11.4
2018-10-28,1.00,1.00,20.2,12.3
2018-10-29,2.00,2.00,20.8,11.8
2018-10-30,4.50,4.50,19.9,11.3
2018-10-31,0.30,0.30,20.9,10.4
2018-11-01,1.60,1.60,21.3,8.6
2018-11-02,14.10,14.10,18.8,12.3
2018-11-03,3.30,3.30,18.9,9.8
2018-11-04,2.00,2.00,17.5,11.7
2018-11-05,0.00,0.00,22.1,9.4
2018-11-06,0.00,0.00,22.8,9.3
2018-11-07,0.60,0.60,23.0,13.5
2018-11-08,0.40,0.40,23.5,11.5
2018-11-09,0.00,0.00,23.2,11.1
2018-11-10,0.50,0.50,20.9,11.7
2018-11-11,4.10,4.10,21.0,9.9
2018-11-12,0.00,0.00,21.5,11.3
2018-11-13,1.60,1.60,18.5,6.5
2018-11-14,17.10,17.10,9.8,2.4
2018-11-15,0.10,0.10,17.5,4.1
2018-11-16,0.00,0.00,19.3,4.1
2018-11-17,0.00,0.00,20.6,4.3
2018-11-18,0.00,0.00,20.3,6.6
2018-11-19,0.00,0.00,21.7,6.4
2018-11-20,0.00,0.00,21.5,8.3
2018-11-21,0.00,0.00,22.1,8.8
2018-11-22,0.00,0.00,22.7,8.7
2018-11-23,0.00,0.00,23.8,10.1
2018-11-24,0.00,0.00,23.7,9.9
2018-11-25,0.00,0.00,24.3,11.0
2018-11-26,0.30,0.30,21.1,10.8
2018-11-27,0.00,0.00,21.4,7.2
2018-11-28,1.00,1.00,20.1,10.2
2018-11-29,10.50,10.50,15.3,10.0
2018-11-30,0.90,0.90,20.9,8.4
2018-12-01,0.10,0.10,22.8,9.0
2018-12-02,0.00,0.00,23.1,3.3
2018-12-03,0.00,0.00,23.8,6.2
2018-12-04,2.30,2.30,22.1,9.6
2018-12-05,1.10,1.10,20.4,11.1
2018-12-06,0.10,0.10,21.6,8.9
2018-12-07,0.00,0.00,23.0,10.3
2018-12-08,0.00,0.00,22.7,6.3
2018-12-09,0.00,0.00,22.2,10.4
2018-12-10,0.00,0.00,19.4,8.7
2018-12-11,0.00,0.00,19.3,7.2
2018-12-12,0.00,0.00,21.8,7.1
2018-12-13,0.00,0.00,21.5,6.9
2018-12-14,0.00,0.00,21.5,7.4
2018-12-15,0.00,0.00,20.8,5.3
2018-12-16,0.00,0.00,22.6,3.7
2018-12-17,0.00,0.00,22.8,4.8
2018-12-18,0.00,0.00,22.9,8.5
2018-12-19,0.00,0.00,22.8,7.6
2018-12-20,0.00,0.00,19.6,3.3
2018-12-21,0.00,0.00,20.5,0.9
2018-12-22,0.00,0.00,21.5,3.5
2018-12-23,0.00,0.00,22.1,4.1
2018-12-24,0.00,0.00,21.5,5.7
2018-12-25,0.00,0.00,22.3,6.5
2018-12-26,0.00,0.00,22.8,9.0
2018-12-27,0.00,0.00,21.9,5.8
2018-12-28,0.00,0.00,22.6,5.3
2018-12-29,0.00,0.00,24.4,8.3
2018-12-30,0.00,0.00,23.0,7.5
2018-12-31,0.00,0.00,21.7,6.5
2019-01-01,0.00,0.00,24.0,6.3
2019-01-02,0.00,0.00,23.9,8.3
2019-01-03,0.00,0.00,22.8,7.2
2019-01-04,0.00,0.00,23.1,7.5
2019-01-05,0.00,0.00,24.3,8.5
2019-01-06,0.00,0.00,24.6,9.4
2019-01-07,0.00,0.00,25.2,9.2
2019-01-08,0.00,0.00,23.6,6.0
2019-01-09,0.00,0.00,21.1,6.3
2019-01-10,0.00,0.00,21.4,9.5
2019-01-11,0.00,0.00,21.8,7.4
2019-01-12,3.40,3.40,19.6,10.1
2019-01-13,1.00,1.00,18.8,10.5
2019-01-14,0.00,0.00,20.5,9.1
2019-01-15,0.00,0.00,21.0,6.8
2019-01-16,0.00,0.00,21.5,8.7
2019-01-17,0.00,0.00,20.4,9.6
2019-01-18,0.00,0.00,21.2,9.1
2019-01-19,0.00,0.00,22.0,6.8
2019-01-20,0.20,0.20,21.1,7.3
2019-01-21,0.00,0.00,24.0,2.4
2019-01-22,0.00,0.00,23.3,5.3
2019-01-23,0.10,0.10,24.0,5.7
2019-01-24,0.00,0.00,24.8,8.1
2019-01-25,0.00,0.00,25.5,7.5
2019-01-26,0.00,0.00,24.5,7.7
2019-01-27,0.00,0.00,19.1,6.1
2019-01-28,0.00,0.00,22.5,3.3
2019-01-29,0.00,0.00,22.6,6.1
2019-01-30,0.00,0.00,22.9,6.5
2019-01-31,0.00,0.00,23.2,3.5
2019-02-01,0.00,0.00,23.2,4.9
2019-02-02,0.00,0.00,24.1,9.2
2019-02-03,0.00,0.00,25.6,10.8
2019-02-04,0.00,0.00,25.7,10.1
2019-02-05,0.00,0.00,26.1,10.4
2019-02-06,0.00,0.00,27.4,11.0
2019-02-07,0.00,0.00,27.9,10.0
2019-02-08,0.60,0.60,23.0,11.7
2019-02-09,0.00,0.00,23.3,8.1
2019-02-10,0.00,0.00,23.7,6.0
2019-02-11,0.10,0.10,24.2,9.9
2019-02-12,0.40,0.40,22.4,9.7
2019-02-13,0.60,0.60,20.8,6.8
2019-02-14,0.00,0.00,24.8,8.2
2019-02-15,0.00,0.00,26.9,9.6
2019-02-16,0.00,0.00,28.3,11.4
2019-02-17,0.00,0.00,29.6,10.4
2019-02-18,0.00,0.00,29.1,11.5
2019-02-19,0.00,0.00,27.2,7.5
2019-02-20,0.00,0.00,26.9,6.7
2019-02-21,0.00,0.00,26.2,7.3
2019-02-22,0.00,0.00,26.0,7.4
2019-02-23,0.00,0.00,26.1,10.7
2019-02-24,2.70,2.70,24.2,10.9
2019-02-25,4.20,4.20,23.5,8.5
2019-02-26,0.20,0.20,24.9,10.5
2019-02-27,0.00,0.00,27.1,9.7
2019-02-28,0.00,0.00,27.4,11.5
2019-03-01,0.00,0.00,27.7,11.4
2019-03-02,0.10,0.10,27.3,12.4
2019-03-03,0.00,0.00,29.2,12.4
2019-03-04,3.00,3.00,26.9,12.2
2019-03-05,2.10,2.10,26.9,10.2
2019-03-06,0.00,0.00,26.2,8.6
2019-03-07,0.00,0.00,26.8,11.6
2019-03-08,0.00,0.00,29.0,11.1
2019-03-09,0.00,0.00,28.6,12.3
2019-03-10,0.00,0.00,29.3,13.3
2019-03-11,0.00,0.00,29.9,12.4
2019-03-12,0.00,0.00,29.7,10.4
2019-03-13,0.00,0.00,28.8,8.3
2019-03-14,0.00,0.00,29.3,11.5
2019-03-15,0.40,0.40,27.9,12.6
2019-03-16,0.00,0.00,26.7,9.2
2019-03-17,0.00,0.00,24.6,10.6
2019-03-18,0.00,0.00,24.0,9.8
2019-03-19,0.00,0.00,25.0,8.5
2019-03-20,0.20,0.20,25.6,7.7
2019-03-21,0.00,0.00,23.1,9.4
2019-03-22,1.20,1.20,23.3,10.1
2019-03-23,0.30,0.30,25.8,7.6
2019-03-24,0.00,0.00,27.1,10.7
2019-03-25,0.00,0.00,28.2,11.4
2019-03-26,0.00,0.00,26.9,8.0
2019-03-27,0.00,0.00,27.4,7.9
2019-03-28,0.00,0.00,27.6,6.5
2019-03-29,0.00,0.00,28.6,10.2
2019-03-30,0.20,0.20,29.0,11.1
2019-03-31,0.00,0.00,26.3,12.8
2019-04-01,0.00,0.00,26.9,11.0
2019-04-02,0.00,0.00,27.3,11.2
2019-04-03,0.10,0.10,27.9,10.6
2019-04-04,0.70,0.70,25.8,11.1
2019-04-05,0.30,0.30,26.0,11.8
2019-04-06,0.00,0.00,25.5,12.2
2019-04-07,0.00,0.00,26.9,10.4
2019-04-08,3.30,3.30,23.9,12.4
2019-04-09,0.40,0.40,23.3,11.3
2019-04-10,0.00,0.00,27.6,9.5
2019-04-11,0.00,0.00,28.6,10.2
2019-04-12,0.00,0.00,27.6,8.7
2019-04-13,0.00,0.00,28.5,8.3
2019-04-14,0.00,0.00,28.1,9.8
2019-04-15,0.00,0.00,28.6,9.8
2019-04-16,0.00,0.00,29.8,11.8
2019-04-17,0.00,0.00,29.0,12.7
2019-04-18,0.10,0.10,31.7,12.6
2019-04-19,0.00,0.00,24.4,11.4
2019-04-20,0.00,0.00,27.5,10.9
2019-04-21,0.00,0.00,28.6,10.9
2019-04-22,5.70,5.70,29.3,14.3
2019-04-23,0.70,0.70,27.6,13.6
2019-04-24,0.00,0.00,29.6,12.9
2019-04-25,0.20,0.20,29.1,10.6
2019-04-26,2.40,2.40,28.7,13.7
2019-04-27,0.10,0.10,28.6,11.1
2019-04-28,0.30,0.30,27.0,14.6
2019-04-29,19.30,19.30,27.9,13.8
2019-04-30,9.50,9.50,27.7,10.8
2019-05-01,4.10,4.10,27.4,11.4
2019-05-02,0.00,0.00,27.7,12.1
2019-05-03,0.00,0.00,27.5,12.5
2019-05-04,0.00,0.00,27.9,11.3
2019-05-05,2.30,2.30,25.3,12.7
2019-05-06,0.00,0.00,27.7,10.7
2019-05-07,0.00,0.00,28.8,10.2
2019-05-08,0.00,0.00,30.4,10.6
2019-05-09,0.00,0.00,29.9,9.5
2019-05-10,0.00,0.00,30.0,9.7
2019-05-11,0.00,0.00,29.6,13.4
2019-05-12,0.00,0.00,29.7,11.6
2019-05-13,0.00,0.00,30.8,12.7
2019-05-14,0.00,0.00,31.6,14.2
2019-05-15,0.10,0.10,29.0,14.5
2019-05-16,3.70,3.70,27.7,14.1
2019-05-17,0.80,0.80,26.7,13.0
2019-05-18,0.20,0.20,27.3,12.2
2019-05-19,0.20,0.20,29.8,11.6
2019-05-20,0.10,0.10,28.7,14.4
2019-05-21,0.40,0.40,30.4,13.3
2019-05-22,0.20,0.20,29.1,13.2
2019-05-23,0.10,0.10,29.3,15.4
2019-05-24,1.70,1.70,26.6,14.9
2019-05-25,1.00,1.00,27.9,15.3
2019-05-26,0.20,0.20,29.3,14.1
2019-05-27,0.10,0.10,28.7,14.4
2019-05-28,0.10,0.10,29.3,14.6
2019-05-29,0.20,0.20,29.2,14.5
2019-05-30,3.90,3.90,30.5,14.3
2019-05-31,2.70,2.70,25.1,16.5
2019-06-01,1.00,1.00,26.0,15.2
2019-06-02,1.80,1.80,25.3,15.3
2019-06-03,5.80,5.80,22.8,13.7
2019-06-04,7.40,7.40,21.7,14.4
2019-06-05,8.50,8.50,22.9,14.3
2019-06-06,11.10,11.10,22.5,14.9
2019-06-07,18.40,18.40,24.3,13.8
2019-06-08,0.30,0.30,25.8,13.7
2019-06-09,0.00,0.00,26.1,11.1
2019-06-10,0.00,0.00,25.2,11.1
2019-06-11,0.00,0.00,25.2,12.0
2019-06-12,0.40,0.40,25.0,13.1
2019-06-13,6.70,6.70,23.7,13.7
2019-06-14,5.50,5.50,22.8,13.9
2019-06-15,1.40,1.40,24.7,14.1
2019-06-16,0.40,0.40,26.1,13.2
2019-06-17,0.40,0.40,27.7,14.7
2019-06-18,3.20,3.20,25.4,15.4
2019-06-19,4.70,4.70,24.8,14.6
2019-06-20,10.40,10.40,25.5,14.8
2019-06-21,5.70,5.70,25.6,14.8
2019-06-22,25.20,25.20,23.9,14.5
2019-06-23,14.30,14.30,23.9,15.0
2019-06-24,7.30,7.30,22.2,15.4
2019-06-25,1.50,1.50,20.7,14.9
2019-06-26,2.20,2.20,23.7,13.3
2019-06-27,0.70,0.70,24.7,13.2
2019-06-28,1.40,1.40,23.8,13.1
2019-06-29,4.60,4.60,22.7,11.9
2019-06-30,9.50,9.50,20.8,11.7
2019-07-01,5.40,5.40,22.3,12.4
2019-07-02,6.30,6.30,20.8,11.8
2019-07-03,6.50,6.50,21.2,13.2
2019-07-04,3.10,3.10,22.3,12.0
2019-07-05,1.50,1.50,24.9,13.4
2019-07-06,3.90,3.90,24.9,13.0
2019-07-07,1.70,1.70,23.1,12.3
2019-07-08,3.40,3.40,23.6,12.5
2019-07-09,3.50,3.50,23.8,12.2
2019-07-10,22.10,22.10,22.3,13.6
2019-07-11,13.10,13.10,22.4,13.8
2019-07-12,19.00,19.00,21.7,13.6
2019-07-13,5.30,5.30,22.0,14.2
2019-07-14,17.50,17.50,21.8,14.2
2019-07-15,6.80,6.80,24.1,13.5
2019-07-16,3.50,3.50,24.1,14.4
2019-07-17,10.50,10.50,20.7,12.7
2019-07-18,16.60,16.60,21.6,12.5
2019-07-19,19.30,19.30,20.7,11.9
2019-07-20,0.80,0.80,22.5,12.9
2019-07-21,12.80,12.80,22.9,12.9
2019-07-22,22.30,22.30,22.0,12.7
2019-07-23,10.40,10.40,21.0,12.6
2019-07-24,26.00,26.00,20.1,13.2
2019-07-25,29.30,29.30,19.9,13.7
2019-07-26,26.90,26.90,19.9,11.9
2019-07-27,13.80,13.80,21.9,13.3
2019-07-28,2.90,2.90,22.2,11.9
2019-07-29,7.30,7.30,21.4,12.3
2019-07-30,2.40,2.40,22.7,11.9
2019-07-31,1.10,1.10,22.9,12.9
2019-08-01,2.60,2.60,24.0,11.5
2019-08-02,2.10,2.10,22.8,11.8
2019-08-03,1.30,1.30,24.3,12.1
2019-08-04,3.90,3.90,23.1,14.0
2019-08-05,12.10,12.10,23.8,14.2
2019-08-06,38.20,38.20,20.9,13.5
2019-08-07,15.80,15.80,21.5,13.8
2019-08-08,2.30,2.30,23.4,13.7
2019-08-09,6.10,6.10,23.0,14.1
2019-08-10,3.20,3.20,23.5,14.4
2019-08-11,13.20,13.20,23.4,14.1
2019-08-12,3.80,3.80,24.3,14.0
2019-08-13,3.50,3.50,23.9,12.6
2019-08-14,1.40,1.40,23.8,12.6
2019-08-15,0.40,0.40,25.2,13.6
2019-08-16,1.50,1.50,24.4,13.5
2019-08-17,3.30,3.30,24.3,14.0
2019-08-18,0.50,0.50,24.6,14.9
2019-08-19,3.30,3.30,25.2,14.0
2019-08-20,0.70,0.70,24.9,12.7
2019-08-21,2.30,2.30,21.8,13.0
2019-08-22,0.50,0.50,23.1,13.4
2019-08-23,11.70,11.70,22.9,13.7
2019-08-24,2.20,2.20,23.5,12.9
2019-08-25,0.50,0.50,24.5,14.0
2019-08-26,0.80,0.80,23.5,14.4
2019-08-27,8.60,8.60,22.6,13.3
2019-08-28,1.00,1.00,25.4,12.9
2019-08-29,2.50,2.50,24.8,12.0
2019-08-30,0.00,0.00,23.9,12.1
2019-08-31,0.00,0.00,26.2,10.9
2019-09-01,0.00,0.00,26.2,10.8
2019-09-02,0.20,0.20,25.9,12.8
2019-09-03,1.10,1.10,23.1,11.4
2019-09-04,6.10,6.10,24.4,13.2
2019-09-05,1.30,1.30,23.4,13.2
2019-09-06,9.20,9.20,24.0,14.6
2019-09-07,1.20,1.20,24.0,13.4
2019-09-08,1.20,1.20,23.3,12.6
2019-09-09,1.50,1.50,24.6,13.1
2019-09-10,16.50,16.50,20.8,14.5
2019-09-11,6.00,6.00,23.8,13.4
2019-09-12,3.70,3.70,23.3,13.8
2019-09-13,1.80,1.80,20.7,13.9
2019-09-14,0.10,0.10,24.1,13.2
2019-09-15,0.30,0.30,23.6,12.4
2019-09-16,14.40,14.40,23.3,13.8
2019-09-17,3.00,3.00,23.8,13.9
2019-09-18,23.80,23.80,21.7,14.5
2019-09-19,3.70,3.70,22.4,13.5
2019-09-20,3.00,3.00,23.4,12.9
2019-09-21,0.90,0.90,24.1,12.8
2019-09-22,0.60,0.60,24.7,13.5
2019-09-23,0.10,0.10,24.2,11.5
2019-09-24,17.20,17.20,22.5,13.1
2019-09-25,12.30,12.30,22.8,13.6
2019-09-26,1.30,1.30,25.9,13.7
2019-09-27,0.90,0.90,24.5,13.4
2019-09-28,4.10,4.10,22.7,13.7
2019-09-29,13.60,13.60,19.0,14.5
2019-09-30,6.90,6.90,21.8,12.8
2019-10-01,14.50,14.50,22.7,12.8
2019-10-02,3.90,3.90,23.8,12.8
2019-10-03,5.80,5.80,22.2,13.3
2019-10-04,1.00,1.00,22.2,12.3
2019-10-05,0.70,0.70,23.9,14.1
2019-10-06,0.30,0.30,24.8,11.7
2019-10-07,0.30,0.30,24.4,12.2
2019-10-08,0.90,0.90,20.8,12.3
2019-10-09,0.20,0.20,24.9,12.1
2019-10-10,7.70,7.70,23.9,13.1
2019-10-11,4.70,4.70,24.5,13.9
2019-10-12,3.40,3.40,23.4,13.4
2019-10-13,2.80,2.80,24.4,11.3
2019-10-14,0.60,0.60,25.3,12.9
2019-10-15,1.30,1.30,24.4,11.9
2019-10-16,5.00,5.00,22.3,14.2
2019-10-17,9.00,9.00,17.8,14.1
2019-10-18,2.60,2.60,21.4,12.8
2019-10-19,1.50,1.50,22.3,11.7
2019-10-20,0.00,0.00,23.6,12.2
2019-10-21,0.90,0.90,23.5,9.7
2019-10-22,7.00,7.00,21.1,13.1
2019-10-23,6.80,6.80,21.2,12.6
2019-10-24,1.90,1.90,20.8,12.1
2019-10-25,12.30,12.30,20.2,12.4
2019-10-26,0.20,0.20,20.6,11.8
2019-10-27,12.20,12.20,20.9,13.3
2019-10-28,12.30,12.30,20.9,13.7
2019-10-29,3.90,3.90,21.3,12.6
2019-10-30,10.60,10.60,22.0,12.8
2019-10-31,5.70,5.70,19.7,10.5
2019-11-01,3.90,3.90,21.1,9.0
2019-11-02,14.10,14.10,19.8,11.3
2019-11-03,2.10,2.10,19.1,11.1
2019-11-04,2.80,2.80,20.3,10.3
2019-11-05,3.60,3.60,21.1,12.2
2019-11-06,0.30,0.30,22.6,12.7
2019-11-07,0.10,0.10,23.1,11.2
2019-11-08,0.10,0.10,24.3,11.0
2019-11-09,0.10,0.10,21.7,12.3
2019-11-10,2.00,2.00,23.2,10.3
2019-11-11,2.70,2.70,23.1,12.3
2019-11-12,0.30,0.30,21.3,9.9
2019-11-13,0.00,0.00,20.7,7.9
2019-11-14,0.20,0.20,21.4,8.4
2019-11-15,0.40,0.40,19.6,10.6
2019-11-16,0.50,0.50,20.2,8.2
2019-11-17,0.80,0.80,23.1,11.3
2019-11-18,0.00,0.00,21.9,11.0
2019-11-19,0.10,0.10,23.3,11.0
2019-11-20,0.10,0.10,24.5,10.3
2019-11-21,0.20,0.20,24.1,11.0
2019-11-22,0.00,0.00,25.6,10.2
2019-11-23,0.00,0.00,25.3,12.0
2019-11-24,0.60,0.60,24.3,10.9
2019-11-25,0.00,0.00,25.4,10.9
2019-11-26,0.00,0.00,25.8,12.7
2019-11-27,0.00,0.00,26.5,11.5
2019-11-28,0.00,0.00,26.9,10.0
2019-11-29,0.10,0.10,25.9,11.3
2019-11-30,0.00,0.00,25.9,10.9
2019-12-01,0.00,0.00,27.1,12.1
2019-12-02,0.20,0.20,23.4,11.7
2019-12-03,0.00,0.00,25.0,8.6
2019-12-04,0.00,0.00,23.9,8.1
2019-12-05,0.00,0.00,24.1,8.0
2019-12-06,0.00,0.00,25.4,8.5
2019-12-07,0.00,0.00,23.2,7.7
2019-12-08,0.00,0.00,24.7,7.3
2019-12-09,0.00,0.00,25.2,10.7
2019-12-10,0.00,0.00,25.3,8.4
2019-12-11,0.00,0.00,22.1,9.1
2019-12-12,0.00,0.00,22.5,5.6
2019-12-13,0.00,0.00,23.2,9.5
2019-12-14,0.00,0.00,23.6,6.4
2019-12-15,0.00,0.00,23.7,7.6
2019-12-16,0.00,0.00,23.2,7.1
2019-12-17,0.00,0.00,22.2,8.3
2019-12-18,0.00,0.00,19.4,5.0
2019-12-19,0.00,0.00,21.2,3.0
2019-12-20,0.00,0.00,21.6,7.6
2019-12-21,0.00,0.00,19.8,7.6
2019-12-22,0.00,0.00,16.4,5.6
2019-12-23,0.00,0.00,21.6,6.1
2019-12-24,0.00,0.00,22.4,9.1
2019-12-25,0.00,0.00,22.2,8.1
2019-12-26,0.00,0.00,22.9,9.6
2019-12-27,0.00,0.00,23.8,9.3
2019-12-28,0.00,0.00,24.8,7.0
2019-12-29,0.00,0.00,21.3,6.8
2019-12-30,0.00,0.00,24.6,7.8
2019-12-31,0.00,0.00,23.6,6.8
2020-01-01,0.20,0.20,24.3,6.7
2020-01-02,0.00,0.00,21.6,11.3
2020-01-03,0.00,0.00,23.0,8.2
2020-01-04,0.00,0.00,19.0,6.8
2020-01-05,0.00,0.00,22.6,2.8
2020-01-06,0.00,0.00,24.7,4.1
2020-01-07,0.00,0.00,20.8,6.6
2020-01-08,0.00,0.00,22.4,4.8
2020-01-09,0.00,0.00,24.2,5.2
2020-01-10,0.00,0.00,24.6,5.3
2020-01-11,0.00,0.00,23.7,6.6
2020-01-12,0.00,0.00,24.2,6.2
2020-01-13,0.00,0.00,24.2,8.3
2020-01-14,0.10,0.10,24.4,9.0
2020-01-15,0.00,0.00,24.2,10.9
2020-01-16,1.40,1.40,22.9,12.4
2020-01-17,0.00,0.00,23.3,10.6
2020-01-18,1.60,1.60,22.4,9.0
2020-01-19,3.40,3.40,17.7,11.4
2020-01-20,0.70,0.70,17.4,7.9
2020-01-21,0.00,0.00,17.8,5.0
2020-01-22,0.00,0.00,20.7,5.5
2020-01-23,0.10,0.10,19.3,6.2
2020-01-24,0.10,0.10,19.0,9.9
2020-01-25,0.00,0.00,21.8,7.0
2020-01-26,0.00,0.00,21.3,6.2
2020-01-27,0.00,0.00,23.9,8.2
2020-01-28,0.00,0.00,23.0,2.7
2020-01-29,0.00,0.00,23.6,6.5
2020-01-30,0.00,0.00,22.7,6.6
2020-01-31,0.00,0.00,22.6,8.1
2020-02-01,0.00,0.00,20.6,7.0
2020-02-02,0.00,0.00,22.7,7.7
2020-02-03,0.00,0.00,22.9,9.2
2020-02-04,0.20,0.20,23.2,8.4
2020-02-05,4.30,4.30,19.0,10.8
2020-02-06,1.70,1.70,25.1,10.1
2020-02-07,0.00,0.00,25.9,6.4
2020-02-08,0.00,0.00,25.6,5.9
2020-02-09,0.00,0.00,25.8,7.7
2020-02-10,0.00,0.00,27.5,10.6
2020-02-11,0.00,0.00,27.2,11.9
2020-02-12,0.00,0.00,26.3,8.2
2020-02-13,0.00,0.00,25.4,9.1
2020-02-14,0.20,0.20,23.5,8.2
2020-02-15,0.00,0.00,25.3,7.6
2020-02-16,0.00,0.00,27.7,8.7
2020-02-17,0.00,0.00,28.7,9.5
2020-02-18,0.00,0.00,29.3,11.5
2020-02-19,0.00,0.00,28.1,9.5
2020-02-20,0.00,0.00,27.7,9.2
2020-02-21,0.00,0.00,23.8,10.2
2020-02-22,0.00,0.00,26.3,6.4
2020-02-23,0.00,0.00,27.5,11.8
2020-02-24,0.00,0.00,29.6,13.8
2020-02-25,0.00,0.00,27.7,9.0
2020-02-26,0.00,0.00,23.3,4.9
2020-02-27,0.00,0.00,23.6,2.3
2020-02-28,0.00,0.00,25.2,11.3
2020-02-29,0.00,0.00,27.1,6.9
2020-03-01,0.30,0.30,28.4,9.8
2020-03-02,0.00,0.00,28.1,12.0
2020-03-03,0.00,0.00,26.9,10.1
2020-03-04,0.00,0.00,27.7,8.1
2020-03-05,0.10,0.10,28.1,11.6
2020-03-06,0.10,0.10,24.3,8.0
2020-03-07,0.00,0.00,25.9,5.8
2020-03-08,0.00,0.00,26.6,8.3
2020-03-09,0.00,0.00,27.4,8.8
2020-03-10,0.20,0.20,26.9,10.7
2020-03-11,0.00,0.00,26.8,12.1
2020-03-12,0.00,0.00,28.2,12.6
2020-03-13,0.30,0.30,27.9,13.7
2020-03-14,0.40,0.40,27.9,13.3
2020-03-15,0.00,0.00,27.8,12.2
2020-03-16,1.70,1.70,24.5,13.0
2020-03-17,0.00,0.00,25.0,10.9
2020-03-18,0.10,0.10,25.6,11.7
2020-03-19,1.10,1.10,27.7,12.8
2020-03-20,1.30,1.30,28.5,13.9
2020-03-21,2.00,2.00,25.4,14.1
2020-03-22,0.60,0.60,28.5,11.9
2020-03-23,0.00,0.00,29.0,11.0
2020-03-24,0.00,0.00,30.9,12.6
2020-03-25,0.00,0.00,31.6,11.5
2020-03-26,0.00,0.00,31.5,12.6
2020-03-27,0.00,0.00,31.4,11.1
2020-03-28,0.00,0.00,30.2,12.5
2020-03-29,0.00,0.00,29.7,12.8
2020-03-30,0.00,0.00,29.6,13.0
2020-03-31,0.00,0.00,29.2,14.6
2020-04-01,0.10,0.10,27.1,13.3
2020-04-02,2.80,2.80,26.6,14.2
2020-04-03,6.30,6.30,24.1,13.3
2020-04-04,0.20,0.20,26.0,11.4
2020-04-05,0.20,0.20,28.9,13.4
2020-04-06,0.10,0.10,27.2,12.6
2020-04-07,0.00,0.00,26.7,14.0
2020-04-08,0.00,0.00,28.1,13.3
2020-04-09,0.70,0.70,28.8,13.8
2020-04-10,0.00,0.00,28.8,13.5
2020-04-11,0.00,0.00,30.4,13.5
2020-04-12,0.00,0.00,29.8,13.5
2020-04-13,0.00,0.00,30.5,12.8
2020-04-14,0.00,0.00,30.8,13.9
2020-04-15,0.00,0.00,27.8,14.9
2020-04-16,0.20,0.20,29.7,13.8
2020-04-17,0.00,0.00,29.1,15.0
2020-04-18,0.00,0.00,30.1,15.4
2020-04-19,0.00,0.00,29.6,13.4
2020-04-20,0.40,0.40,30.1,14.1
2020-04-21,0.10,0.10,28.4,15.9
2020-04-22,1.00,1.00,29.0,14.3
2020-04-23,0.20,0.20,28.4,13.9
2020-04-24,1.30,1.30,28.4,14.6
2020-04-25,3.10,3.10,27.5,15.2
2020-04-26,3.50,3.50,25.2,14.7
2020-04-27,1.10,1.10,26.2,13.1
2020-04-28,1.90,1.90,27.1,12.4
2020-04-29,0.50,0.50,27.3,11.7
2020-04-30,3.80,3.80,25.8,11.5
2020-05-01,2.90,2.90,24.6,10.5
2020-05-02,0.00,0.00,26.4,9.6
2020-05-03,0.00,0.00,29.0,10.8
2020-05-04,0.10,0.10,30.5,13.2
2020-05-05,3.30,3.30,28.6,15.8
2020-05-06,5.30,5.30,25.1,13.7
2020-05-07,2.80,2.80,21.7,13.0
2020-05-08,1.00,1.00,23.5,9.8
2020-05-09,3.10,3.10,22.5,12.3
2020-05-10,2.10,2.10,24.0,12.2
2020-05-11,1.40,1.40,23.0,11.6
2020-05-12,0.00,0.00,25.7,10.9
2020-05-13,0.00,0.00,28.0,11.7
2020-05-14,0.00,0.00,27.0,13.4
2020-05-15,0.00,0.00,28.4,12.7
2020-05-16,0.10,0.10,28.7,10.6
2020-05-17,0.00,0.00,28.7,12.4
2020-05-18,0.20,0.20,27.8,13.7
2020-05-19,0.00,0.00,28.7,13.1
2020-05-20,0.00,0.00,28.4,15.3
2020-05-21,0.40,0.40,29.0,14.7
2020-05-22,0.00,0.00,28.3,13.8
2020-05-23,0.00,0.00,29.4,14.1
2020-05-24,0.10,0.10,29.1,14.9
2020-05-25,0.10,0.10,29.2,12.3
2020-05-26,0.00,0.00,30.4,12.2
2020-05-27,0.10,0.10,29.1,14.3
2020-05-28,3.80,3.80,27.1,13.7
2020-05-29,0.60,0.60,25.7,12.6
2020-05-30,0.10,0.10,25.0,11.2
2020-05-31,8.30,8.30,24.3,12.5
2020-06-01,2.10,2.10,25.4,13.8
2020-06-02,0.00,0.00,26.6,13.3
2020-06-03,0.20,0.20,25.7,13.6
2020-06-04,0.00,0.00,28.6,14.0
2020-06-05,0.00,0.00,29.5,13.9
2020-06-06,1.30,1.30,27.2,14.2
2020-06-07,1.00,1.00,26.3,13.8
2020-06-08,2.10,2.10,26.2,15.0
2020-06-09,0.90,0.90,29.8,14.4
2020-06-10,0.50,0.50,29.9,14.8
2020-06-11,2.10,2.10,23.8,14.9
2020-06-12,1.70,1.70,24.6,13.0
2020-06-13,0.00,0.00,26.5,12.4
2020-06-14,0.00,0.00,27.5,11.5
2020-06-15,0.00,0.00,27.6,10.2
2020-06-16,0.00,0.00,28.6,11.5
2020-06-17,0.20,0.20,29.1,13.2
2020-06-18,0.00,0.00,29.4,14.5
2020-06-19,0.10,0.10,30.2,14.7
2020-06-20,0.90,0.90,27.9,14.5
2020-06-21,2.90,2.90,26.2,15.5
2020-06-22,23.60,23.60,20.0,15.4
2020-06-23,25.50,25.50,22.4,13.0
2020-06-24,5.50,5.50,20.2,13.6
2020-06-25,4.90,4.90,22.6,13.3
2020-06-26,1.60,1.60,23.1,13.3
2020-06-27,0.80,0.80,24.9,13.5
2020-06-28,0.00,0.00,24.5,12.7
2020-06-29,2.10,2.10,25.5,13.9
2020-06-30,8.00,8.00,23.4,14.4
2020-07-01,6.20,6.20,24.3,14.1
2020-07-02,4.50,4.50,24.6,13.6
2020-07-03,3.90,3.90,25.3,13.1
2020-07-04,9.20,9.20,23.0,13.3
2020-07-05,23.10,23.10,24.0,13.6
2020-07-06,8.40,8.40,21.4,13.5
2020-07-07,3.40,3.40,23.4,13.6
2020-07-08,1.30,1.30,22.3,14.0
2020-07-09,7.00,7.00,22.9,14.2
2020-07-10,0.40,0.40,25.3,10.7
2020-07-11,4.20,4.20,23.7,12.5
2020-07-12,2.60,2.60,23.9,12.2
2020-07-13,2.70,2.70,25.0,12.8
2020-07-14,3.30,3.30,25.6,12.9
2020-07-15,4.20,4.20,25.1,13.8
2020-07-16,1.30,1.30,26.4,13.3
2020-07-17,1.20,1.20,24.0,12.1
2020-07-18,1.20,1.20,24.4,11.9
2020-07-19,0.90,0.90,25.6,12.8
2020-07-20,4.90,4.90,24.7,13.3
2020-07-21,1.80,1.80,25.4,14.6
2020-07-22,2.50,2.50,23.4,14.0
2020-07-23,8.50,8.50,25.0,13.3
2020-07-24,6.50,6.50,23.3,14.1
2020-07-25,3.40,3.40,23.7,14.5
2020-07-26,1.30,1.30,23.1,14.1
2020-07-27,1.70,1.70,22.8,12.8
2020-07-28,4.00,4.00,22.2,14.7
2020-07-29,1.10,1.10,23.4,14.3
2020-07-30,9.60,9.60,24.8,13.7
2020-07-31,11.80,11.80,22.4,14.1
2020-08-01,3.20,3.20,23.1,13.7
2020-08-02,6.90,6.90,21.7,13.5
2020-08-03,19.80,19.80,21.9,13.4
2020-08-04,19.50,19.50,23.0,14.0
2020-08-05,0.20,0.20,24.8,13.6
2020-08-06,2.60,2.60,24.8,12.7
2020-08-07,0.90,0.90,25.3,12.8
2020-08-08,8.90,8.90,20.4,13.8
2020-08-09,21.00,21.00,21.6,14.1
2020-08-10,19.30,19.30,22.8,14.5
2020-08-11,4.00,4.00,22.5,13.9
2020-08-12,1.90,1.90,21.1,13.7
2020-08-13,0.30,0.30,22.8,11.8
2020-08-14,9.70,9.70,22.5,13.6
2020-08-15,19.00,19.00,21.6,11.2
2020-08-16,5.20,5.20,21.6,12.5
2020-08-17,12.10,12.10,23.1,12.3
2020-08-18,3.10,3.10,22.1,13.1
2020-08-19,23.10,23.10,21.2,13.9
2020-08-20,22.00,22.00,21.4,14.0
2020-08-21,1.10,1.10,22.6,11.5
2020-08-22,0.10,0.10,24.8,11.6
2020-08-23,0.20,0.20,24.4,12.4
2020-08-24,8.00,8.00,23.8,14.0
2020-08-25,8.60,8.60,21.5,14.0
2020-08-26,15.10,15.10,21.8,14.0
2020-08-27,12.00,12.00,23.4,12.3
2020-08-28,25.00,25.00,22.5,13.4
2020-08-29,10.40,10.40,21.0,14.4
2020-08-30,2.60,2.60,23.9,12.4
2020-08-31,1.60,1.60,23.9,11.4
2020-09-01,0.50,0.50,22.9,12.9
2020-09-02,0.10,0.10,25.9,11.2
2020-09-03,0.80,0.80,26.7,12.6
2020-09-04,1.20,1.20,23.5,13.2
2020-09-05,0.20,0.20,22.1,12.8
2020-09-06,9.90,9.90,21.1,13.4
2020-09-07,14.40,14.40,21.8,13.3
2020-09-08,4.70,4.70,22.4,14.5
2020-09-09,6.90,6.90,22.9,14.1
2020-09-10,15.90,15.90,21.8,14.5
2020-09-11,12.40,12.40,22.0,14.2
2020-09-12,16.10,16.10,22.2,13.4
2020-09-13,3.00,3.00,22.1,13.6
2020-09-14,1.60,1.60,21.7,11.5
2020-09-15,7.10,7.10,22.2,12.8
2020-09-16,35.50,35.50,21.0,14.3
2020-09-17,1.30,1.30,21.7,14.3
2020-09-18,7.80,7.80,20.2,13.9
2020-09-19,3.30,3.30,19.3,13.3
2020-09-20,8.50,8.50,21.2,12.1
2020-09-21,15.00,15.00,21.2,13.9
2020-09-22,13.30,13.30,21.6,12.4
2020-09-23,6.60,6.60,22.1,13.4
2020-09-24,5.10,5.10,20.0,13.0
2020-09-25,23.30,23.30,20.7,13.1
2020-09-26,21.20,21.20,20.8,13.8
2020-09-27,5.40,5.40,23.0,13.3
2020-09-28,0.60,0.60,24.5,13.3
2020-09-29,9.70,9.70,15.5,10.4
2020-09-30,0.00,0.00,19.8,8.7
2020-10-01,0.00,0.00,21.6,8.6
2020-10-02,0.00,0.00,19.2,4.9
2020-10-03,0.20,0.20,21.5,8.4
2020-10-04,0.60,0.60,21.8,9.5
2020-10-05,0.00,0.00,21.0,5.9
2020-10-06,0.00,0.00,22.6,7.0
2020-10-07,0.00,0.00,22.8,5.1
2020-10-08,0.00,0.00,24.7,6.9
2020-10-09,7.90,7.90,23.7,12.3
2020-10-10,2.00,2.00,26.2,12.1
2020-10-11,3.60,3.60,25.5,12.8
2020-10-12,1.30,1.30,24.2,13.1
2020-10-13,1.30,1.30,25.3,13.4
2020-10-14,1.40,1.40,26.1,11.4
2020-10-15,0.40,0.40,27.1,12.9
2020-10-16,0.00,0.00,24.3,10.1
2020-10-17,0.10,0.10,23.9,8.4
2020-10-18,2.80,2.80,25.2,10.5
2020-10-19,0.20,0.20,26.8,12.8
2020-10-20,0.80,0.80,25.9,12.2
2020-10-21,0.00,0.00,26.0,12.9
2020-10-22,0.00,0.00,26.6,11.8
2020-10-23,0.00,0.00,27.6,10.0
2020-10-24,0.00,0.00,26.0,9.1
2020-10-25,0.00,0.00,26.3,7.7
2020-10-26,0.00,0.00,27.0,9.9
2020-10-27,0.00,0.00,27.0,10.5
2020-10-28,0.00,0.00,27.2,11.6
2020-10-29,0.60,0.60,26.4,12.9
2020-10-30,0.00,0.00,24.4,10.5
2020-10-31,0.00,0.00,25.8,9.6
2020-11-01,0.20,0.20,25.9,10.7
2020-11-02,0.40,0.40,19.5,8.8
2020-11-03,0.00,0.00,23.2,8.4
2020-11-04,0.00,0.00,24.9,6.3
2020-11-05,0.00,0.00,25.1,6.5
2020-11-06,0.00,0.00,23.4,8.4
2020-11-07,0.00,0.00,24.3,8.8
2020-11-08,0.00,0.00,25.6,9.6
2020-11-09,0.00,0.00,26.5,10.0
2020-11-10,0.00,0.00,27.1,10.2
2020-11-11,0.00,0.00,26.8,9.8
2020-11-12,0.00,0.00,27.1,11.9
2020-11-13,0.00,0.00,27.0,10.5
2020-11-14,0.00,0.00,26.3,9.9
2020-11-15,0.00,0.00,26.6,10.7
2020-11-16,0.00,0.00,22.1,9.7
2020-11-17,0.30,0.30,18.1,11.6
2020-11-18,0.20,0.20,18.1,9.8
2020-11-19,0.00,0.00,22.9,7.7
2020-11-20,3.80,3.80,22.5,8.7
2020-11-21,0.40,0.40,22.1,11.5
2020-11-22,0.00,0.00,22.7,9.2
2020-11-23,0.30,0.30,21.5,9.0
2020-11-24,0.00,0.00,24.9,7.8
2020-11-25,0.00,0.00,25.9,9.8
2020-11-26,0.00,0.00,26.2,11.5
2020-11-27,0.00,0.00,26.0,8.7
2020-11-28,0.00,0.00,25.9,11.7
2020-11-29,0.00,0.00,25.0,8.8
2020-11-30,0.50,0.50,19.9,7.6
2020-12-01,0.20,0.20,22.3,6.1
2020-12-02,0.00,0.00,22.0,7.6
2020-12-03,0.00,0.00,23.0,8.4
2020-12-04,0.00,0.00,23.5,6.5
2020-12-05,0.10,0.10,24.0,8.2
2020-12-06,0.20,0.20,22.1,7.9
2020-12-07,0.30,0.30,19.3,9.7
2020-12-08,0.00,0.00,21.3,7.4
2020-12-09,0.00,0.00,22.1,8.5
2020-12-10,0.00,0.00,23.7,9.4
2020-12-11,0.50,0.50,24.3,12.4
2020-12-12,0.00,0.00,23.0,9.9
2020-12-13,0.00,0.00,25.0,7.3
2020-12-14,0.00,0.00,23.1,10.8
2020-12-15,0.00,0.00,24.8,6.8
2020-12-16,0.00,0.00,22.1,10.6
2020-12-17,0.10,0.10,22.2,7.8
2020-12-18,0.00,0.00,22.7,7.3
2020-12-19,0.00,0.00,23.1,10.4
2020-12-20,0.10,0.10,22.3,9.5
2020-12-21,0.00,0.00,21.8,9.2
2020-12-22,0.10,0.10,23.5,9.5
2020-12-23,0.00,0.00,23.8,8.1
2020-12-24,0.00,0.00,23.0,7.3
2020-12-25,0.10,0.10,21.1,2.8
2020-12-26,0.00,0.00,23.4,6.9
2020-12-27,0.00,0.00,22.3,6.9
2020-12-28,0.00,0.00,22.5,5.4
2020-12-29,0.00,0.00,22.1,4.5
2020-12-30,0.00,0.00,22.9,5.0
2020-12-31,0.00,0.00,19.8,7.6
2021-01-01,0.00,0.00,24.4,1.2
2021-01-02,0.00,0.00,24.1,3.7
2021-01-03,0.00,0.00,24.3,3.0
2021-01-04,0.00,0.00,23.0,6.6
2021-01-05,0.00,0.00,22.7,6.9
2021-01-06,0.10,0.10,22.2,5.9
2021-01-07,0.20,0.20,19.6,9.8
2021-01-08,0.00,0.00,21.4,6.8
2021-01-09,2.50,2.50,19.8,7.6
2021-01-10,0.00,0.00,21.7,6.7
2021-01-11,0.10,0.10,18.5,7.6
2021-01-12,0.00,0.00,21.5,7.2
2021-01-13,0.00,0.00,19.8,6.4
2021-01-14,0.20,0.20,22.6,8.8
2021-01-15,0.70,0.70,20.9,11.4
2021-01-16,2.40,2.40,20.9,8.3
2021-01-17,1.90,1.90,20.9,10.7
2021-01-18,0.00,0.00,21.3,7.1
2021-01-19,0.00,0.00,23.8,7.4
2021-01-20,0.00,0.00,21.9,8.5
2021-01-21,0.00,0.00,25.3,8.9
2021-01-22,0.00,0.00,25.3,10.7
2021-01-23,0.00,0.00,24.5,11.0
2021-01-24,0.00,0.00,24.2,9.6
2021-01-25,0.00,0.00,25.1,6.3
2021-01-26,0.00,0.00,26.9,8.5
2021-01-27,0.10,0.10,26.5,11.7
2021-01-28,0.00,0.00,23.3,9.9
2021-01-29,0.00,0.00,24.2,7.5
2021-01-30,0.00,0.00,25.7,8.9
2021-01-31,0.00,0.00,25.7,8.1
2021-02-01,0.80,0.80,20.0,8.1
2021-02-02,0.00,0.00,24.7,4.9
2021-02-03,0.00,0.00,26.2,5.0
2021-02-04,0.00,0.00,26.7,8.4
2021-02-05,0.00,0.00,27.5,10.1
2021-02-06,0.00,0.00,27.1,7.5
2021-02-07,0.00,0.00,26.3,8.8
2021-02-08,0.00,0.00,26.6,6.3
2021-02-09,0.00,0.00,24.8,8.8
2021-02-10,0.10,0.10,23.5,9.3
2021-02-11,0.00,0.00,23.6,8.0
2021-02-12,0.00,0.00,21.7,6.2
2021-02-13,0.00,0.00,22.3,6.5
2021-02-14,0.00,0.00,25.4,3.2
2021-02-15,0.00,0.00,24.4,1.3
2021-02-16,0.00,0.00,25.4,3.0
2021-02-17,0.00,0.00,24.6,4.0
2021-02-18,0.00,0.00,26.8,4.4
2021-02-19,0.00,0.00,24.8,6.0
2021-02-20,0.00,0.00,25.7,6.3
2021-02-21,0.00,0.00,26.1,10.0
2021-02-22,0.00,0.00,26.1,9.9
2021-02-23,0.00,0.00,25.7,6.0
2021-02-24,0.00,0.00,27.2,10.1
2021-02-25,0.00,0.00,27.5,8.9
2021-02-26,0.00,0.00,28.5,9.6
2021-02-27,0.00,0.00,28.6,10.0
2021-02-28,0.00,0.00,28.6,11.1
2021-03-01,0.00,0.00,29.6,13.6
2021-03-02,0.30,0.30,26.8,13.9
2021-03-03,0.00,0.00,27.8,11.2
2021-03-04,0.00,0.00,28.9,11.8
2021-03-05,0.20,0.20,29.2,11.2
2021-03-06,0.30,0.30,24.3,12.4
2021-03-07,0.40,0.40,27.0,7.9
2021-03-08,0.00,0.00,26.2,7.6
2021-03-09,0.00,0.00,27.3,7.2
2021-03-10,0.00,0.00,28.9,7.7
2021-03-11,0.20,0.20,28.0,12.2
2021-03-12,0.00,0.00,29.0,12.3
2021-03-13,0.00,0.00,28.8,11.0
2021-03-14,0.00,0.00,28.2,11.0
2021-03-15,0.00,0.00,28.2,12.4
2021-03-16,0.00,0.00,28.2,11.5
2021-03-17,0.00,0.00,26.6,10.7
2021-03-18,0.00,0.00,23.9,11.9
2021-03-19,0.00,0.00,24.9,8.0
2021-03-20,0.70,0.70,24.4,8.5
2021-03-21,0.60,0.60,23.8,10.3
2021-03-22,0.10,0.10,27.8,9.4
2021-03-23,0.00,0.00,28.7,9.5
2021-03-24,0.00,0.00,29.3,8.8
2021-03-25,0.00,0.00,29.6,8.4
2021-03-26,0.00,0.00,29.0,10.3
2021-03-27,0.00,0.00,29.1,11.1
2021-03-28,0.10,0.10,30.9,12.3
2021-03-29,0.00,0.00,27.1,12.8
2021-03-30,0.00,0.00,29.3,10.8
2021-03-31,0.00,0.00,30.2,13.3
2021-04-01,1.00,1.00,26.0,11.2
2021-04-02,0.00,0.00,25.1,9.4
2021-04-03,0.00,0.00,26.7,7.8
2021-04-04,0.00,0.00,26.6,7.0
2021-04-05,0.10,0.10,26.6,8.3
2021-04-06,2.20,2.20,26.1,10.7
2021-04-07,3.40,3.40,26.5,10.2
2021-04-08,0.30,0.30,26.5,10.6
2021-04-09,0.30,0.30,27.8,10.7
2021-04-10,0.00,0.00,28.9,11.7
2021-04-11,0.10,0.10,28.1,11.3
2021-04-12,0.00,0.00,28.1,13.0
2021-04-13,1.50,1.50,27.6,13.5
2021-04-14,0.20,0.20,27.5,12.0
2021-04-15,0.00,0.00,28.0,12.2
2021-04-16,0.20,0.20,28.5,11.2
2021-04-17,0.00,0.00,30.2,13.9
2021-04-18,0.00,0.00,30.1,10.7
2021-04-19,0.00,0.00,29.5,8.5
2021-04-20,0.00,0.00,28.4,9.3
2021-04-21,0.00,0.00,28.3,10.3
2021-04-22,0.00,0.00,28.7,11.1
2021-04-23,0.00,0.00,29.4,13.6
2021-04-24,0.00,0.00,30.5,12.0
2021-04-25,0.90,0.90,28.8,14.8
2021-04-26,0.10,0.10,28.4,14.6
2021-04-27,0.00,0.00,30.9,13.4
2021-04-28,4.50,4.50,30.4,15.9
2021-04-29,0.60,0.60,29.9,13.3
2021-04-30,2.00,2.00,27.5,15.2
2021-05-01,2.70,2.70,26.1,13.0
2021-05-02,0.10,0.10,28.0,11.9
2021-05-03,0.00,0.00,28.5,11.8
2021-05-04,0.00,0.00,28.7,11.1
2021-05-05,25.90,25.90,25.5,13.7
2021-05-06,7.50,7.50,25.8,13.6
2021-05-07,0.80,0.80,24.3,12.6
2021-05-08,0.50,0.50,24.8,11.9
2021-05-09,4.00,4.00,25.7,14.5
2021-05-10,14.50,14.50,23.6,14.0
2021-05-11,8.50,8.50,23.0,12.8
2021-05-12,25.60,25.60,22.9,11.4
2021-05-13,2.30,2.30,21.5,11.2
2021-05-14,2.20,2.20,22.7,12.9
2021-05-15,2.60,2.60,22.4,12.7
2021-05-16,4.70,4.70,22.1,13.0
2021-05-17,1.90,1.90,23.3,11.1
2021-05-18,0.40,0.40,24.2,11.7
2021-05-19,0.30,0.30,24.1,9.8
2021-05-20,0.00,0.00,25.6,7.5
2021-05-21,0.00,0.00,27.7,11.5
2021-05-22,0.20,0.20,28.3,12.4
2021-05-23,0.60,0.60,27.2,13.5
2021-05-24,3.00,3.00,27.0,14.4
2021-05-25,0.50,0.50,29.1,14.3
2021-05-26,1.50,1.50,28.8,14.0
2021-05-27,0.20,0.20,27.8,14.9
2021-05-28,0.20,0.20,30.0,12.9
2021-05-29,1.00,1.00,30.2,13.5
2021-05-30,0.80,0.80,29.6,13.9
2021-05-31,0.30,0.30,28.7,14.0
2021-06-01,1.10,1.10,28.0,14.1
2021-06-02,8.50,8.50,21.2,15.2
2021-06-03,34.00,34.00,21.0,13.5
2021-06-04,6.10,6.10,21.0,13.8
2021-06-05,8.60,8.60,21.4,13.8
2021-06-06,0.40,0.40,24.1,14.6
2021-06-07,0.10,0.10,26.7,12.0
2021-06-08,2.60,2.60,25.2,10.9
2021-06-09,7.90,7.90,25.0,13.8
2021-06-10,0.80,0.80,24.6,11.9
2021-06-11,11.60,11.60,20.4,12.7
2021-06-12,23.30,23.30,20.4,14.0
2021-06-13,36.30,36.30,20.4,14.2
2021-06-14,12.00,12.00,20.1,14.2
2021-06-15,0.60,0.60,22.1,13.9
2021-06-16,0.10,0.10,22.8,11.5
2021-06-17,4.10,4.10,21.7,12.7
2021-06-18,9.50,9.50,18.4,12.0
2021-06-19,1.70,1.70,21.5,11.7
2021-06-20,1.60,1.60,24.1,12.7
2021-06-21,2.00,2.00,24.2,11.3
2021-06-22,16.30,16.30,22.9,12.8
2021-06-23,4.40,4.40,21.4,13.4
2021-06-24,9.10,9.10,21.6,13.0
2021-06-25,21.80,21.80,20.6,11.6
2021-06-26,0.10,0.10,20.5,12.2
2021-06-27,12.80,12.80,18.7,12.2
2021-06-28,13.60,13.60,18.1,12.2
2021-06-29,8.70,8.70,20.5,12.6
2021-06-30,25.30,25.30,20.2,14.2
2021-07-01,27.90,27.90,18.7,13.6
2021-07-02,15.60,15.60,19.6,14.1
2021-07-03,6.30,6.30,18.7,13.4
2021-07-04,2.70,2.70,20.8,12.5
2021-07-05,3.30,3.30,22.1,11.4
2021-07-06,8.70,8.70,22.4,13.8
2021-07-07,7.90,7.90,21.0,13.5
2021-07-08,2.00,2.00,20.9,13.6
2021-07-09,3.10,3.10,21.7,13.5
2021-07-10,7.10,7.10,22.5,14.1
2021-07-11,2.00,2.00,23.3,13.2
2021-07-12,0.80,0.80,22.1,12.5
2021-07-13,4.50,4.50,21.3,13.4
2021-07-14,4.10,4.10,22.5,12.3
2021-07-15,4.60,4.60,20.2,12.9
2021-07-16,1.00,1.00,22.6,12.9
2021-07-17,0.80,0.80,22.3,13.2
2021-07-18,5.90,5.90,23.2,11.2
2021-07-19,0.40,0.40,22.9,12.1
2021-07-20,9.70,9.70,22.7,14.2
2021-07-21,10.10,10.10,22.2,12.9
2021-07-22,16.70,16.70,21.9,13.6
2021-07-23,1.10,1.10,22.8,11.5
2021-07-24,0.10,0.10,23.8,11.9
2021-07-25,1.50,1.50,24.3,11.8
2021-07-26,9.30,9.30,22.5,12.2
2021-07-27,0.70,0.70,24.0,13.2
2021-07-28,7.50,7.50,22.2,14.1
2021-07-29,5.20,5.20,24.1,13.6
2021-07-30,4.80,4.80,22.5,12.5
2021-07-31,5.70,5.70,23.1,13.1
2021-08-01,20.50,20.50,22.0,12.5
2021-08-02,11.90,11.90,22.7,13.5
2021-08-03,17.50,17.50,21.3,13.2
2021-08-04,8.10,8.10,22.1,13.3
2021-08-05,8.60,8.60,22.0,13.6
2021-08-06,17.70,17.70,21.9,13.9
2021-08-07,19.20,19.20,21.9,13.6
2021-08-08,14.90,14.90,21.2,13.2
2021-08-09,6.40,6.40,23.4,12.7
2021-08-10,3.40,3.40,23.9,12.0
2021-08-11,8.30,8.30,20.9,11.2
2021-08-12,4.90,4.90,23.2,12.5
2021-08-13,8.20,8.20,22.4,13.2
2021-08-14,17.50,17.50,22.5,13.7
2021-08-15,0.90,0.90,24.2,13.6
2021-08-16,6.00,6.00,23.6,13.7
2021-08-17,8.70,8.70,22.0,13.7
2021-08-18,2.10,2.10,23.2,13.3
2021-08-19,3.10,3.10,25.4,14.3
2021-08-20,0.60,0.60,23.3,11.5
2021-08-21,40.70,40.70,19.7,13.0
2021-08-22,6.70,6.70,20.8,13.3
2021-08-23,1.30,1.30,22.4,11.5
2021-08-24,3.30,3.30,21.5,12.7
2021-08-25,0.50,0.50,23.4,12.6
2021-08-26,1.00,1.00,22.2,12.2
2021-08-27,1.80,1.80,19.4,11.5
2021-08-28,6.70,6.70,20.0,12.6
2021-08-29,5.30,5.30,19.9,11.1
2021-08-30,7.30,7.30,21.0,13.5
2021-08-31,13.10,13.10,20.6,13.0
2021-09-01,11.10,11.10,19.7,13.7
2021-09-02,27.70,27.70,20.4,14.0
2021-09-03,28.70,28.70,20.6,13.4
2021-09-04,18.00,18.00,22.8,14.1
2021-09-05,10.10,10.10,21.8,14.1
2021-09-06,35.50,35.50,19.7,13.8
2021-09-07,45.00,45.00,20.1,13.3
2021-09-08,9.90,9.90,21.0,12.2
2021-09-09,1.60,1.60,22.2,13.3
2021-09-10,0.80,0.80,20.5,13.5
2021-09-11,1.30,1.30,21.3,11.0
2021-09-12,10.30,10.30,21.4,13.1
2021-09-13,3.10,3.10,21.6,14.0
2021-09-14,3.20,3.20,22.3,12.2
2021-09-15,4.90,4.90,22.2,13.3
2021-09-16,11.00,11.00,22.1,14.0
2021-09-17,27.30,27.30,21.9,13.5
2021-09-18,19.10,19.10,21.5,14.2
2021-09-19,21.60,21.60,20.0,13.9
2021-09-20,16.40,16.40,21.6,12.4
2021-09-21,7.10,7.10,24.6,14.1
2021-09-22,2.30,2.30,22.2,11.6
2021-09-23,2.50,2.50,21.1,10.0
2021-09-24,2.20,2.20,21.8,12.6
2021-09-25,2.40,2.40,23.1,12.6
2021-09-26,7.90,7.90,22.1,12.6
2021-09-27,10.60,10.60,21.9,13.1
2021-09-28,1.50,1.50,21.2,11.9
2021-09-29,6.00,6.00,21.1,12.6
2021-09-30,7.50,7.50,21.7,12.0
2021-10-01,1.60,1.60,21.4,11.9
2021-10-02,13.80,13.80,21.9,12.7
2021-10-03,7.10,7.10,23.0,12.5
2021-10-04,5.40,5.40,21.8,13.4
2021-10-05,4.50,4.50,21.4,13.2
2021-10-06,4.70,4.70,20.7,13.2
2021-10-07,0.00,0.00,23.0,11.9
2021-10-08,0.00,0.00,22.2,9.3
2021-10-09,1.50,1.50,22.2,11.8
2021-10-10,0.00,0.00,23.7,11.2
2021-10-11,2.00,2.00,24.1,12.6
2021-10-12,0.00,0.00,25.0,11.6
2021-10-13,0.00,0.00,24.6,9.7
2021-10-14,1.00,1.00,24.1,12.5
2021-10-15,0.00,0.00,26.1,11.4
2021-10-16,0.30,0.30,23.2,10.3
2021-10-17,1.10,1.10,20.0,11.5
2021-10-18,0.30,0.30,22.0,8.1
2021-10-19,0.10,0.10,23.6,9.2
2021-10-20,10.40,10.40,23.3,11.7
2021-10-21,0.30,0.30,23.8,12.3
2021-10-22,1.70,1.70,21.6,12.4
2021-10-23,2.50,2.50,20.9,12.0
2021-10-24,12.50,12.50,21.4,13.0
2021-10-25,0.00,0.00,22.9,10.5
2021-10-26,0.00,0.00,24.6,9.2
2021-10-27,0.20,0.20,24.1,9.2
2021-10-28,16.70,16.70,22.0,11.1
2021-10-29,0.70,0.70,20.9,10.9
2021-10-30,0.90,0.90,21.6,10.7
2021-10-31,0.20,0.20,22.4,8.3
2021-11-01,0.00,0.00,21.8,9.9
2021-11-02,0.00,0.00,23.6,7.7
2021-11-03,0.00,0.00,23.4,6.9
2021-11-04,0.00,0.00,23.1,7.9
2021-11-05,0.00,0.00,22.8,7.0
2021-11-06,0.00,0.00,22.5,6.1
2021-11-07,0.00,0.00,23.2,7.6
2021-11-08,0.00,0.00,24.0,8.2
2021-11-09,0.00,0.00,24.2,9.5
2021-11-10,0.00,0.00,24.7,8.3
2021-11-11,0.00,0.00,24.5,9.1
2021-11-12,0.00,0.00,22.1,6.3
2021-11-13,0.00,0.00,21.4,6.6
2021-11-14,0.20,0.20,21.2,7.7
2021-11-15,0.00,0.00,22.2,6.7
2021-11-16,0.00,0.00,22.2,5.9
2021-11-17,0.00,0.00,22.5,6.2
2021-11-18,0.00,0.00,22.9,8.5
2021-11-19,0.40,0.40,18.6,11.3
2021-11-20,0.00,0.00,22.4,8.7
2021-11-21,0.00,0.00,22.6,9.9
2021-11-22,2.40,2.40,22.7,10.5
2021-11-23,1.50,1.50,20.8,11.2
2021-11-24,0.10,0.10,20.8,9.3
2021-11-25,0.10,0.10,22.3,10.8
2021-11-26,0.40,0.40,22.2,10.1
2021-11-27,0.00,0.00,23.1,8.0
2021-11-28,0.00,0.00,23.9,9.4
2021-11-29,0.00,0.00,23.4,9.9
2021-11-30,0.00,0.00,24.1,6.4
2021-12-01,0.00,0.00,25.1,8.9
2021-12-02,0.00,0.00,24.0,8.9
2021-12-03,0.00,0.00,24.0,5.6
2021-12-04,0.00,0.00,24.3,6.7
2021-12-05,0.00,0.00,23.6,7.7
2021-12-06,0.00,0.00,24.6,7.8
2021-12-07,0.00,0.00,25.0,8.2
2021-12-08,0.00,0.00,25.1,10.7
2021-12-09,0.00,0.00,24.6,8.5
2021-12-10,0.00,0.00,24.3,8.7
2021-12-11,0.00,0.00,23.8,8.9
2021-12-12,0.00,0.00,22.5,7.8
2021-12-13,0.00,0.00,23.8,9.5
2021-12-14,0.00,0.00,22.9,8.8
2021-12-15,0.00,0.00,23.2,8.4
2021-12-16,0.20,0.20,23.6,9.6
2021-12-17,0.00,0.00,23.4,8.0
2021-12-18,0.00,0.00,21.5,8.3
2021-12-19,0.50,0.50,22.3,10.5
2021-12-20,0.00,0.00,20.4,8.6
2021-12-21,0.00,0.00,21.4,8.0
2021-12-22,0.00,0.00,23.3,4.9
2021-12-23,0.00,0.00,23.8,5.4
2021-12-24,0.00,0.00,25.4,7.2
2021-12-25,0.00,0.00,26.1,7.8
2021-12-26,0.00,0.00,25.8,5.1
2021-12-27,0.00,0.00,25.7,6.8
2021-12-28,0.00,0.00,24.1,6.8
2021-12-29,0.00,0.00,25.1,5.2
2021-12-30,0.00,0.00,24.3,8.6
2021-12-31,0.00,0.00,24.5,7.6
2022-01-01,0.00,0.00,24.8,6.3
2022-01-02,0.00,0.00,24.6,9.1
2022-01-03,0.00,0.00,23.0,7.8
2022-01-04,0.00,0.00,24.6,6.9
2022-01-05,0.00,0.00,24.7,10.0
2022-01-06,2.50,2.50,24.4,8.1
2022-01-07,0.10,0.10,22.9,8.8
2022-01-08,0.60,0.60,21.8,6.4
2022-01-09,0.20,0.20,22.6,7.4
2022-01-10,0.40,0.40,18.1,8.3
2022-01-11,0.00,0.00,19.2,8.9
2022-01-12,0.00,0.00,21.5,5.7
2022-01-13,0.00,0.00,21.5,5.6
2022-01-14,0.00,0.00,21.9,7.4
2022-01-15,0.60,0.60,21.2,4.6
2022-01-16,3.40,3.40,19.5,6.9
2022-01-17,1.00,1.00,19.6,6.0
2022-01-18,0.00,0.00,21.4,4.6
2022-01-19,0.00,0.00,21.9,6.2
2022-01-20,0.00,0.00,22.1,9.0
2022-01-21,0.00,0.00,20.9,8.7
2022-01-22,2.00,2.00,21.6,8.4
2022-01-23,0.00,0.00,21.9,6.2
2022-01-24,0.00,0.00,21.9,6.1
2022-01-25,0.00,0.00,23.1,5.6
2022-01-26,0.00,0.00,22.9,6.7
2022-01-27,0.00,0.00,23.8,8.6
2022-01-28,0.10,0.10,22.9,8.3
2022-01-29,1.50,1.50,21.5,6.7
2022-01-30,0.00,0.00,22.8,7.1
2022-01-31,0.00,0.00,24.2,6.3
2022-02-01,0.00,0.00,24.0,5.6
2022-02-02,0.00,0.00,24.5,7.3
2022-02-03,0.00,0.00,23.6,6.0
2022-02-04,0.00,0.00,24.3,8.0
2022-02-05,0.10,0.10,21.5,4.1
2022-02-06,0.20,0.20,23.0,6.6
2022-02-07,1.00,1.00,21.7,7.8
2022-02-08,5.60,5.60,18.6,6.6
2022-02-09,0.00,0.00,20.4,4.7
2022-02-10,0.00,0.00,22.1,4.0
2022-02-11,0.00,0.00,22.2,2.8
2022-02-12,0.00,0.00,21.0,5.2
2022-02-13,0.10,0.10,19.6,8.4
2022-02-14,2.20,2.20,21.4,5.4
2022-02-15,0.00,0.00,20.6,7.1
2022-02-16,0.00,0.00,23.2,7.4
2022-02-17,0.10,0.10,25.4,6.4
2022-02-18,0.00,0.00,25.3,8.5
2022-02-19,0.00,0.00,25.3,7.6
2022-02-20,0.00,0.00,25.3,6.7
2022-02-21,0.00,0.00,26.6,9.0
2022-02-22,0.00,0.00,27.1,9.8
2022-02-23,0.00,0.00,28.5,11.9
2022-02-24,0.00,0.00,26.4,8.7
2022-02-25,0.00,0.00,26.1,9.7
2022-02-26,0.00,0.00,26.2,9.3
2022-02-27,0.00,0.00,25.9,9.0
2022-02-28,0.00,0.00,24.5,4.9
2022-03-01,0.00,0.00,26.0,6.1
2022-03-02,0.00,0.00,26.5,7.3
2022-03-03,0.00,0.00,27.3,8.2
2022-03-04,0.00,0.00,26.7,8.6
2022-03-05,0.00,0.00,25.6,9.0
2022-03-06,0.00,0.00,26.6,9.7
2022-03-07,0.80,0.80,25.7,10.9
2022-03-08,1.40,1.40,25.3,10.4
2022-03-09,0.00,0.00,26.9,7.5
2022-03-10,0.00,0.00,27.6,9.2
2022-03-11,0.00,0.00,28.0,6.3
2022-03-12,0.00,0.00,26.2,5.8
2022-03-13,0.00,0.00,27.3,3.6
2022-03-14,1.50,1.50,28.8,9.2
2022-03-15,2.90,2.90,25.3,10.7
2022-03-16,2.80,2.80,24.0,8.9
2022-03-17,0.20,0.20,24.4,8.5
2022-03-18,0.00,0.00,25.9,8.5
2022-03-19,0.10,0.10,25.5,9.6
2022-03-20,0.10,0.10,25.2,8.9
2022-03-21,0.00,0.00,26.4,10.5
2022-03-22,0.00,0.00,26.9,9.3
2022-03-23,0.00,0.00,27.3,8.8
2022-03-24,0.00,0.00,26.3,7.5
2022-03-25,0.00,0.00,25.7,7.4
2022-03-26,0.00,0.00,25.7,7.8
2022-03-27,0.00,0.00,26.7,8.0
2022-03-28,0.00,0.00,27.5,10.3
2022-03-29,0.00,0.00,29.8,10.4
2022-03-30,0.00,0.00,31.4,11.6
2022-03-31,0.00,0.00,29.7,11.6
2022-04-01,0.00,0.00,30.1,12.8
2022-04-02,0.00,0.00,30.9,13.6
2022-04-03,0.00,0.00,30.1,13.0
2022-04-04,0.00,0.00,29.5,11.8
2022-04-05,0.00,0.00,30.1,11.6
2022-04-06,0.00,0.00,28.8,10.5
2022-04-07,0.90,0.90,27.2,12.4
2022-04-08,1.80,1.80,23.6,7.8
2022-04-09,4.30,4.30,22.8,9.4
2022-04-10,0.10,0.10,25.6,9.4
2022-04-11,0.00,0.00,27.8,10.7
2022-04-12,4.10,4.10,26.5,12.6
2022-04-13,0.00,0.00,28.0,11.7
2022-04-14,0.30,0.30,28.4,15.0
2022-04-15,0.00,0.00,29.6,14.9
2022-04-16,0.60,0.60,30.4,13.9
2022-04-17,0.00,0.00,31.7,13.9
2022-04-18,6.50,6.50,30.7,14.1
2022-04-19,3.20,3.20,25.6,13.8
2022-04-20,4.90,4.90,26.1,10.7
2022-04-21,0.80,0.80,25.8,11.2
2022-04-22,1.60,1.60,24.6,10.4
2022-04-23,0.90,0.90,25.6,11.0
2022-04-24,2.80,2.80,27.1,11.9
2022-04-25,1.10,1.10,26.7,11.2
2022-04-26,8.60,8.60,22.8,12.3
2022-04-27,1.10,1.10,23.7,11.3
2022-04-28,0.10,0.10,24.7,10.9
2022-04-29,0.00,0.00,26.8,10.7
2022-04-30,0.00,0.00,26.9,11.6
2022-05-01,0.00,0.00,27.3,14.3
2022-05-02,0.00,0.00,30.6,12.0
2022-05-03,0.10,0.10,29.9,12.9
2022-05-04,0.20,0.20,29.5,13.3
2022-05-05,0.10,0.10,30.5,13.4
2022-05-06,2.50,2.50,30.5,15.1
2022-05-07,0.00,0.00,29.2,13.4
2022-05-08,0.40,0.40,29.0,13.1
2022-05-09,0.00,0.00,31.1,12.8
2022-05-10,0.00,0.00,32.5,15.5
2022-05-11,0.50,0.50,27.8,13.5
2022-05-12,0.00,0.00,29.1,10.9
2022-05-13,0.00,0.00,29.1,12.7
2022-05-14,0.00,0.00,31.2,12.1
2022-05-15,0.00,0.00,29.3,13.7
2022-05-16,0.00,0.00,29.0,11.9
2022-05-17,0.00,0.00,29.7,11.9
2022-05-18,0.00,0.00,30.0,12.3
2022-05-19,0.00,0.00,30.5,14.4
2022-05-20,0.00,0.00,30.0,14.0
2022-05-21,0.00,0.00,30.5,15.1
2022-05-22,4.30,4.30,28.5,16.2
2022-05-23,15.00,15.00,26.4,13.4
2022-05-24,1.30,1.30,26.6,12.6
2022-05-25,0.00,0.00,28.6,10.8
2022-05-26,0.10,0.10,29.2,13.3
2022-05-27,0.20,0.20,29.0,11.7
2022-05-28,1.70,1.70,28.6,11.8
2022-05-29,0.00,0.00,27.7,12.7
2022-05-30,0.00,0.00,29.8,13.9
2022-05-31,1.20,1.20,28.1,13.5
2022-06-01,3.00,3.00,26.9,13.8
2022-06-02,2.50,2.50,24.2,12.0
2022-06-03,0.00,0.00,28.0,11.7
2022-06-04,0.20,0.20,29.5,12.2
2022-06-05,0.50,0.50,28.7,15.0
2022-06-06,0.00,0.00,30.9,14.8
2022-06-07,0.00,0.00,29.2,13.6
2022-06-08,8.20,8.20,28.4,15.3
2022-06-09,15.40,15.40,23.1,14.7
2022-06-10,8.20,8.20,24.8,13.6
2022-06-11,0.60,0.60,25.3,13.4
2022-06-12,0.40,0.40,24.1,12.0
2022-06-13,2.10,2.10,23.9,11.7
2022-06-14,2.80,2.80,23.8,13.2
2022-06-15,12.90,12.90,22.6,14.0
2022-06-16,0.50,0.50,23.1,12.0
2022-06-17,4.50,4.50,23.7,12.0
2022-06-18,4.90,4.90,22.8,12.0
2022-06-19,6.70,6.70,23.9,13.1
2022-06-20,1.70,1.70,25.1,10.5
2022-06-21,12.40,12.40,23.3,13.5
2022-06-22,9.10,9.10,21.3,13.3
2022-06-23,1.10,1.10,22.8,12.7
2022-06-24,0.90,0.90,22.1,11.7
2022-06-25,16.20,16.20,21.8,12.1
2022-06-26,3.90,3.90,23.4,11.6
2022-06-27,12.60,12.60,22.2,12.1
2022-06-28,10.00,10.00,22.3,13.1
2022-06-29,1.60,1.60,24.3,13.4
2022-06-30,1.80,1.80,24.1,12.2
2022-07-01,5.30,5.30,22.9,13.1
2022-07-02,5.00,5.00,24.3,13.1
2022-07-03,1.60,1.60,25.6,13.7
2022-07-04,1.90,1.90,22.5,12.8
2022-07-05,8.20,8.20,23.3,13.2
2022-07-06,3.00,3.00,24.5,12.8
2022-07-07,18.90,18.90,21.2,13.1
2022-07-08,10.20,10.20,24.0,12.7
2022-07-09,9.00,9.00,23.8,13.5
2022-07-10,0.60,0.60,23.5,11.7
2022-07-11,8.20,8.20,22.8,13.2
2022-07-12,1.40,1.40,24.7,12.0
2022-07-13,3.90,3.90,23.6,12.2
2022-07-14,6.00,6.00,23.5,13.0
2022-07-15,20.40,20.40,23.0,12.7
2022-07-16,9.00,9.00,22.1,11.6
2022-07-17,9.40,9.40,22.5,12.4
2022-07-18,5.70,5.70,21.8,11.9
2022-07-19,4.80,4.80,24.8,12.3
2022-07-20,0.10,0.10,26.2,12.8
2022-07-21,0.70,0.70,26.4,11.6
2022-07-22,0.10,0.10,25.3,12.2
2022-07-23,1.70,1.70,23.0,12.6
2022-07-24,5.90,5.90,23.8,12.0
2022-07-25,21.30,21.30,21.9,13.1
2022-07-26,0.40,0.40,23.6,12.3
2022-07-27,9.10,9.10,21.3,12.8
2022-07-28,3.60,3.60,22.7,11.2
2022-07-29,17.30,17.30,21.2,12.9
2022-07-30,1.10,1.10,23.6,12.7
2022-07-31,7.50,7.50,21.7,11.6
2022-08-01,5.80,5.80,21.9,11.8
2022-08-02,6.30,6.30,22.6,11.6
2022-08-03,2.30,2.30,23.4,11.9
2022-08-04,1.30,1.30,25.1,13.0
2022-08-05,0.30,0.30,24.2,11.9
2022-08-06,1.00,1.00,23.7,11.0
2022-08-07,2.20,2.20,23.6,12.1
2022-08-08,8.50,8.50,22.8,11.5
2022-08-09,8.80,8.80,22.4,12.0
2022-08-10,3.90,3.90,23.6,12.7
2022-08-11,6.00,6.00,24.1,12.4
2022-08-12,10.80,10.80,24.3,12.7
2022-08-13,19.20,19.20,21.7,12.4
2022-08-14,14.10,14.10,21.9,11.8
2022-08-15,11.60,11.60,22.1,11.4
2022-08-16,4.90,4.90,20.9,12.1
2022-08-17,13.60,13.60,22.3,12.6
2022-08-18,11.00,11.00,22.1,12.0
2022-08-19,1.40,1.40,22.5,12.1
2022-08-20,19.30,19.30,21.6,11.5
2022-08-21,19.30,19.30,20.9,13.4
2022-08-22,1.90,1.90,22.8,12.1
2022-08-23,1.30,1.30,23.2,12.4
2022-08-24,3.90,3.90,23.5,11.3
2022-08-25,6.80,6.80,24.9,12.7
2022-08-26,3.10,3.10,22.6,10.8
2022-08-27,0.00,0.00,21.8,11.8
2022-08-28,28.70,28.70,22.7,12.8
2022-08-29,11.60,11.60,22.0,11.1
2022-08-30,6.50,6.50,23.5,10.5
2022-08-31,1.50,1.50,24.7,13.4
2022-09-01,1.70,1.70,24.7,13.5
2022-09-02,4.80,4.80,24.6,12.8
2022-09-03,12.30,12.30,23.5,13.7
2022-09-04,11.90,11.90,21.7,12.9
2022-09-05,2.70,2.70,21.9,11.8
2022-09-06,17.30,17.30,21.0,12.3
2022-09-07,13.30,13.30,22.0,13.4
2022-09-08,20.60,20.60,21.1,12.9
2022-09-09,0.00,0.00,23.2,10.4
2022-09-10,0.30,0.30,23.7,9.4
2022-09-11,1.70,1.70,23.5,11.7
2022-09-12,1.50,1.50,21.2,13.1
2022-09-13,2.80,2.80,21.7,12.4
2022-09-14,1.80,1.80,24.2,11.9
2022-09-15,15.90,15.90,21.4,12.5
2022-09-16,4.50,4.50,20.3,13.4
2022-09-17,9.50,9.50,21.7,13.1
2022-09-18,18.80,18.80,20.4,13.1
2022-09-19,16.60,16.60,22.8,13.5
2022-09-20,5.00,5.00,21.9,12.4
2022-09-21,1.10,1.10,21.9,12.7
2022-09-22,0.10,0.10,22.8,11.9
2022-09-23,0.30,0.30,22.1,11.5
2022-09-24,10.60,10.60,22.7,12.9
2022-09-25,18.90,18.90,21.8,13.6
2022-09-26,15.10,15.10,22.0,11.5
2022-09-27,1.10,1.10,21.6,12.1
2022-09-28,2.90,2.90,20.7,12.4
2022-09-29,0.10,0.10,22.4,9.7
2022-09-30,0.00,0.00,21.2,9.9
2022-10-01,0.40,0.40,23.3,7.7
2022-10-02,0.10,0.10,23.8,8.3
2022-10-03,0.10,0.10,22.3,8.4
2022-10-04,0.30,0.30,21.6,10.5
2022-10-05,7.40,7.40,20.8,11.2
2022-10-06,16.00,16.00,21.3,12.4
2022-10-07,1.50,1.50,22.3,11.7
2022-10-08,0.80,0.80,21.1,12.2
2022-10-09,1.30,1.30,19.4,10.4
2022-10-10,1.40,1.40,19.9,10.1
2022-10-11,1.30,1.30,20.0,11.4
2022-10-12,0.70,0.70,23.4,11.9
2022-10-13,0.00,0.00,23.4,9.2
2022-10-14,0.00,0.00,23.2,9.8
2022-10-15,0.00,0.00,24.0,10.6
2022-10-16,0.20,0.20,24.7,12.2
2022-10-17,17.20,17.20,23.5,13.2
2022-10-18,13.40,13.40,22.2,12.7
2022-10-19,0.40,0.40,18.7,10.5
2022-10-20,2.10,2.10,20.3,8.7
2022-10-21,1.50,1.50,19.8,10.3
2022-10-22,0.40,0.40,22.8,9.4
2022-10-23,0.30,0.30,24.5,11.7
2022-10-24,0.00,0.00,26.0,13.3
2022-10-25,0.00,0.00,25.3,12.9
2022-10-26,0.00,0.00,25.5,12.4
2022-10-27,4.90,4.90,23.5,12.1
2022-10-28,0.60,0.60,26.0,10.8
2022-10-29,1.20,1.20,23.6,12.6
2022-10-30,0.90,0.90,24.1,10.6
2022-10-31,2.80,2.80,23.6,9.4
2022-11-01,0.20,0.20,24.8,11.0
2022-11-02,0.00,0.00,25.0,11.5
2022-11-03,0.00,0.00,24.6,10.8
2022-11-04,0.00,0.00,26.1,11.0
2022-11-05,0.00,0.00,25.1,11.8
2022-11-06,0.00,0.00,25.7,10.9
2022-11-07,0.00,0.00,25.7,8.9
2022-11-08,0.00,0.00,24.5,10.3
2022-11-09,0.00,0.00,24.3,10.1
2022-11-10,0.00,0.00,25.3,9.3
2022-11-11,0.00,0.00,26.6,10.1
2022-11-12,0.00,0.00,25.7,9.7
2022-11-13,0.00,0.00,25.3,10.2
2022-11-14,0.00,0.00,25.8,8.9
2022-11-15,0.00,0.00,25.7,10.5
2022-11-16,0.00,0.00,24.5,9.4
2022-11-17,0.00,0.00,24.5,8.8
2022-11-18,1.10,1.10,22.8,10.6
2022-11-19,0.30,0.30,24.2,9.1
2022-11-20,0.10,0.10,20.0,11.9
2022-11-21,0.90,0.90,22.2,8.4
2022-11-22,0.10,0.10,22.1,10.2
2022-11-23,0.40,0.40,22.4,9.1
2022-11-24,0.00,0.00,23.5,10.1
2022-11-25,0.20,0.20,24.5,11.1
2022-11-26,0.10,0.10,24.1,8.6
2022-11-27,0.30,0.30,24.6,9.1
2022-11-28,0.20,0.20,22.7,10.8
2022-11-29,2.80,2.80,24.0,8.2
2022-11-30,0.10,0.10,25.0,11.4
2022-12-01,0.10,0.10,22.3,10.8
2022-12-02,0.10,0.10,23.6,8.2
2022-12-03,0.40,0.40,24.3,10.4
2022-12-04,0.00,0.00,22.2,7.7
2022-12-05,0.00,0.00,23.9,7.7
2022-12-06,0.00,0.00,24.7,8.7
2022-12-07,0.00,0.00,25.7,9.4
2022-12-08,0.00,0.00,22.5,5.5
2022-12-09,0.00,0.00,23.0,8.8
2022-12-10,0.00,0.00,22.9,7.4
2022-12-11,0.00,0.00,23.3,7.7
2022-12-12,0.00,0.00,22.6,6.8
2022-12-13,0.00,0.00,22.9,7.3
2022-12-14,0.00,0.00,24.1,5.0
2022-12-15,0.00,0.00,23.7,7.4
2022-12-16,0.00,0.00,24.5,7.1
2022-12-17,0.00,0.00,23.3,7.5
2022-12-18,0.00,0.00,23.3,7.3
2022-12-19,0.00,0.00,23.2,8.7
2022-12-20,0.00,0.00,23.3,7.2
2022-12-21,0.00,0.00,21.2,5.5
2022-12-22,0.00,0.00,22.6,7.1
2022-12-23,0.20,0.20,20.1,9.1
2022-12-24,0.00,0.00,20.2,6.4
2022-12-25,2.20,2.20,15.1,6.7
2022-12-26,0.20,0.20,17.5,5.4
2022-12-27,0.00,0.00,18.6,5.2
2022-12-28,0.00,0.00,20.3,3.6
2022-12-29,0.00,0.00,21.0,3.4
2022-12-30,1.40,1.40,20.2,6.4
2022-12-31,9.60,9.60,21.0,9.2
2023-01-01,0.00,0.00,20.5,6.7
2023-01-02,0.00,0.00,21.2,6.1
2023-01-03,0.00,0.00,22.3,6.1
2023-01-04,0.00,0.00,22.8,6.9
2023-01-05,0.00,0.00,22.2,8.4
2023-01-06,0.00,0.00,21.8,6.8
2023-01-07,0.00,0.00,22.4,7.3
2023-01-08,0.00,0.00,22.5,5.7
2023-01-09,0.00,0.00,21.7,8.0
2023-01-10,0.00,0.00,20.0,7.4
2023-01-11,0.00,0.00,20.3,6.2
2023-01-12,0.00,0.00,21.8,7.1
2023-01-13,0.60,0.60,20.5,8.8
2023-01-14,0.00,0.00,21.2,3.0
2023-01-15,0.00,0.00,21.4,4.5
2023-01-16,0.00,0.00,24.0,5.1
2023-01-17,0.00,0.00,24.7,7.6
2023-01-18,0.00,0.00,24.9,5.3
2023-01-19,0.00,0.00,25.5,7.4
2023-01-20,0.00,0.00,25.6,6.6
2023-01-21,0.00,0.00,24.3,8.0
2023-01-22,0.00,0.00,24.1,7.2
2023-01-23,0.00,0.00,23.9,6.2
2023-01-24,0.00,0.00,25.1,5.3
2023-01-25,0.00,0.00,24.5,7.9
2023-01-26,0.00,0.00,22.8,6.2
2023-01-27,0.00,0.00,22.8,3.9
2023-01-28,0.00,0.00,23.6,5.5
2023-01-29,0.00,0.00,24.8,7.9
2023-01-30,0.00,0.00,25.9,10.4
2023-01-31,0.00,0.00,26.1,9.1
2023-02-01,0.00,0.00,25.1,9.1
2023-02-02,0.00,0.00,25.7,6.0
2023-02-03,0.00,0.00,18.6,6.1
2023-02-04,0.00,0.00,23.3,3.5
2023-02-05,0.00,0.00,24.8,7.2
2023-02-06,0.00,0.00,24.5,6.1
2023-02-07,0.00,0.00,24.5,7.1
2023-02-08,0.80,0.80,23.2,7.7
2023-02-09,0.00,0.00,23.8,9.3
2023-02-10,0.00,0.00,23.5,8.9
2023-02-11,0.00,0.00,22.7,8.0
2023-02-12,0.00,0.00,24.9,6.7
2023-02-13,0.00,0.00,26.4,9.0
2023-02-14,0.00,0.00,25.8,7.1
2023-02-15,0.00,0.00,26.7,6.6
2023-02-16,0.00,0.00,28.5,7.2
2023-02-17,0.00,0.00,25.4,8.1
2023-02-18,0.00,0.00,25.3,3.4
2023-02-19,0.00,0.00,26.0,7.1
2023-02-20,0.00,0.00,26.7,9.2
2023-02-21,0.00,0.00,25.6,7.5
2023-02-22,0.00,0.00,24.8,8.2
2023-02-23,0.00,0.00,27.2,8.3
2023-02-24,0.00,0.00,27.3,9.7
2023-02-25,0.00,0.00,25.8,10.1
2023-02-26,0.00,0.00,26.8,10.3
2023-02-27,0.00,0.00,28.0,13.0
2023-02-28,0.00,0.00,28.7,12.0
2023-03-01,0.10,0.10,28.2,10.7
2023-03-02,0.00,0.00,29.9,10.6
2023-03-03,0.00,0.00,29.4,8.2
2023-03-04,0.00,0.00,28.7,8.1
2023-03-05,0.10,0.10,28.0,12.1
2023-03-06,0.00,0.00,29.0,11.0
2023-03-07,0.00,0.00,28.3,9.8
2023-03-08,0.00,0.00,27.9,10.5
2023-03-09,0.00,0.00,28.3,9.7
2023-03-10,0.00,0.00,27.5,10.8
2023-03-11,0.00,0.00,28.5,11.7
2023-03-12,0.40,0.40,25.8,11.2
2023-03-13,0.00,0.00,24.9,10.8
2023-03-14,0.30,0.30,23.5,8.9
2023-03-15,5.40,5.40,21.9,11.4
2023-03-16,0.60,0.60,22.4,8.2
2023-03-17,0.60,0.60,23.9,8.2
2023-03-18,9.30,9.30,22.6,9.2
2023-03-19,0.60,0.60,21.6,6.5
2023-03-20,0.00,0.00,23.2,5.0
2023-03-21,0.00,0.00,26.9,7.3
2023-03-22,0.00,0.00,26.8,11.0
2023-03-23,0.00,0.00,28.7,11.0
2023-03-24,0.10,0.10,28.2,11.6
2023-03-25,0.80,0.80,28.3,11.5
2023-03-26,0.00,0.00,28.3,10.8
2023-03-27,0.00,0.00,29.5,12.1
2023-03-28,3.40,3.40,28.9,13.6
2023-03-29,1.30,1.30,25.9,13.4
2023-03-30,0.00,0.00,26.8,10.0
2023-03-31,0.00,0.00,27.9,11.1
2023-04-01,0.10,0.10,30.5,12.3
2023-04-02,0.00,0.00,29.0,12.2
2023-04-03,0.00,0.00,30.5,14.1
2023-04-04,0.00,0.00,29.8,12.4
2023-04-05,0.00,0.00,31.0,12.9
2023-04-06,0.00,0.00,29.4,13.3
2023-04-07,2.40,2.40,27.7,13.3
2023-04-08,0.70,0.70,27.8,13.6
2023-04-09,0.00,0.00,26.2,11.6
2023-04-10,7.60,7.60,24.1,13.1
2023-04-11,1.50,1.50,21.1,12.7
2023-04-12,0.10,0.10,23.1,10.5
2023-04-13,3.30,3.30,24.4,9.6
2023-04-14,1.00,1.00,25.5,7.9
2023-04-15,0.00,0.00,26.0,8.2
2023-04-16,0.00,0.00,25.9,11.3
2023-04-17,0.40,0.40,23.4,11.0
2023-04-18,0.00,0.00,27.2,11.5
2023-04-19,0.00,0.00,28.3,10.9
2023-04-20,0.20,0.20,30.0,11.7
2023-04-21,0.00,0.00,29.5,11.0
2023-04-22,2.00,2.00,27.4,12.8
2023-04-23,0.30,0.30,26.7,11.1
2023-04-24,0.00,0.00,26.4,12.5
2023-04-25,0.00,0.00,30.3,12.0
2023-04-26,0.00,0.00,28.2,12.1
2023-04-27,0.00,0.00,29.7,11.6
2023-04-28,0.00,0.00,27.3,11.3
2023-04-29,0.80,0.80,28.7,10.8
2023-04-30,0.00,0.00,27.5,10.6
2023-05-01,0.00,0.00,29.8,11.8
2023-05-02,0.70,0.70,29.6,11.2
2023-05-03,0.00,0.00,29.4,12.8
2023-05-04,4.50,4.50,28.3,13.7
2023-05-05,0.60,0.60,27.7,12.6
2023-05-06,0.00,0.00,28.3,12.3
2023-05-07,3.90,3.90,28.0,13.5
2023-05-08,5.10,5.10,25.8,12.8
2023-05-09,0.40,0.40,24.3,11.5
2023-05-10,1.30,1.30,26.2,11.1
2023-05-11,1.50,1.50,27.3,10.0
2023-05-12,0.90,0.90,28.1,10.9
2023-05-13,5.10,5.10,25.7,11.1
2023-05-14,3.60,3.60,23.8,10.6
2023-05-15,0.00,0.00,24.1,9.8
2023-05-16,1.70,1.70,23.4,10.7
2023-05-17,0.80,0.80,24.9,9.0
2023-05-18,0.40,0.40,25.7,9.9
2023-05-19,1.10,1.10,27.4,11.0
2023-05-20,0.00,0.00,26.6,13.8
2023-05-21,14.00,14.00,24.1,14.3
2023-05-22,5.80,5.80,24.4,13.2
2023-05-23,0.70,0.70,24.4,11.8
2023-05-24,0.20,0.20,26.4,12.1
2023-05-25,7.00,7.00,28.0,12.2
2023-05-26,1.50,1.50,26.1,13.2
2023-05-27,0.90,0.90,25.8,12.7
2023-05-28,9.50,9.50,24.6,13.5
2023-05-29,1.40,1.40,23.1,10.2
2023-05-30,0.00,0.00,27.5,10.1
2023-05-31,0.40,0.40,27.8,14.3
2023-06-01,4.70,4.70,29.7,13.0
2023-06-02,0.00,0.00,31.8,13.0
2023-06-03,0.50,0.50,31.5,14.4
2023-06-04,0.00,0.00,32.0,12.9
2023-06-05,1.20,1.20,28.5,13.5
2023-06-06,2.70,2.70,27.3,12.7
2023-06-07,2.00,2.00,25.0,12.5
2023-06-08,0.00,0.00,27.2,12.2
2023-06-09,0.00,0.00,30.0,11.6
2023-06-10,0.00,0.00,30.9,13.3
2023-06-11,1.60,1.60,31.6,15.7
2023-06-12,0.00,0.00,31.7,14.3
2023-06-13,0.00,0.00,33.2,12.9
2023-06-14,0.00,0.00,33.5,16.2
2023-06-15,0.00,0.00,33.9,15.3
2023-06-16,0.00,0.00,32.5,15.4
2023-06-17,0.00,0.00,32.1,15.6
2023-06-18,0.00,0.00,33.0,14.8
2023-06-19,0.00,0.00,33.9,14.5
2023-06-20,0.00,0.00,33.9,16.5
2023-06-21,0.00,0.00,32.7,16.8
2023-06-22,0.00,0.00,31.7,14.6
2023-06-23,0.00,0.00,30.7,14.5
2023-06-24,2.50,2.50,29.6,12.8
2023-06-25,3.80,3.80,28.0,14.9
2023-06-26,4.60,4.60,25.0,14.3
2023-06-27,2.40,2.40,25.6,12.3
2023-06-28,3.30,3.30,27.9,13.8
2023-06-29,3.30,3.30,23.4,14.4
2023-06-30,4.20,4.20,25.3,13.4
2023-07-01,6.30,6.30,25.0,13.7
2023-07-02,13.50,13.50,24.0,14.0
2023-07-03,2.10,2.10,24.8,13.8
2023-07-04,12.40,12.40,24.0,14.2
2023-07-05,13.60,13.60,25.1,14.1
2023-07-06,27.10,27.10,23.3,13.4
2023-07-07,1.20,1.20,25.8,15.5
2023-07-08,13.20,13.20,25.3,14.7
2023-07-09,7.50,7.50,25.2,13.3
2023-07-10,4.10,4.10,24.3,13.4
2023-07-11,16.40,16.40,23.2,12.5
2023-07-12,3.00,3.00,24.8,12.1
2023-07-13,0.30,0.30,25.3,12.2
2023-07-14,5.80,5.80,25.7,11.4
2023-07-15,0.40,0.40,26.3,13.2
2023-07-16,1.60,1.60,27.0,12.3
2023-07-17,5.30,5.30,24.7,12.6
2023-07-18,0.30,0.30,26.2,11.9
2023-07-19,1.00,1.00,27.2,12.9
2023-07-20,0.40,0.40,27.5,12.4
2023-07-21,2.60,2.60,26.1,13.0
2023-07-22,20.70,20.70,24.7,13.4
2023-07-23,1.80,1.80,24.0,14.0
2023-07-24,10.50,10.50,22.8,13.7
2023-07-25,12.20,12.20,22.4,13.8
2023-07-26,10.10,10.10,23.1,13.0
2023-07-27,14.00,14.00,18.3,13.1
2023-07-28,10.80,10.80,20.7,10.7
2023-07-29,0.80,0.80,23.8,10.8
2023-07-30,14.40,14.40,23.0,13.0
2023-07-31,17.20,17.20,23.1,12.6
2023-08-01,2.30,2.30,25.4,13.0
2023-08-02,8.30,8.30,24.0,12.4
2023-08-03,15.90,15.90,22.7,11.8
2023-08-04,10.60,10.60,21.8,13.6
2023-08-05,27.10,27.10,23.1,14.2
2023-08-06,2.60,2.60,21.9,13.5
2023-08-07,1.00,1.00,25.3,12.5
2023-08-08,3.20,3.20,25.0,12.6
2023-08-09,0.20,0.20,25.4,12.4
2023-08-10,5.30,5.30,25.2,13.7
2023-08-11,3.10,3.10,25.1,12.9
2023-08-12,1.40,1.40,25.1,13.0
2023-08-13,5.80,5.80,24.9,11.9
2023-08-14,8.20,8.20,25.4,13.9
2023-08-15,1.40,1.40,24.4,11.5
2023-08-16,2.30,2.30,22.7,11.7
2023-08-17,12.30,12.30,22.2,13.7
2023-08-18,15.90,15.90,22.1,11.7
2023-08-19,11.80,11.80,22.8,13.0
2023-08-20,0.80,0.80,21.1,12.8
2023-08-21,4.00,4.00,22.6,11.3
2023-08-22,8.90,8.90,23.7,12.7
2023-08-23,5.70,5.70,24.4,13.0
2023-08-24,2.10,2.10,23.5,13.4
2023-08-25,1.60,1.60,22.3,10.3
2023-08-26,2.10,2.10,21.6,11.9
2023-08-27,4.60,4.60,23.0,14.1
2023-08-28,14.30,14.30,20.8,13.9
2023-08-29,0.50,0.50,24.5,12.1
2023-08-30,0.10,0.10,24.9,10.7
2023-08-31,30.30,30.30,22.4,13.8
2023-09-01,14.20,14.20,22.4,13.3
2023-09-02,5.60,5.60,24.7,12.3
2023-09-03,8.10,8.10,23.4,13.2
2023-09-04,10.30,10.30,23.9,11.9
2023-09-05,2.90,2.90,24.9,11.9
2023-09-06,9.40,9.40,23.6,12.9
2023-09-07,2.30,2.30,24.8,13.3
2023-09-08,0.20,0.20,25.0,12.3
2023-09-09,0.10,0.10,24.2,10.8
2023-09-10,1.00,1.00,24.8,11.4
2023-09-11,0.30,0.30,25.0,10.3
2023-09-12,0.00,0.00,25.0,10.5
2023-09-13,0.50,0.50,25.6,12.5
2023-09-14,0.10,0.10,26.4,12.5
2023-09-15,4.90,4.90,25.7,14.3
2023-09-16,10.30,10.30,23.8,13.5
2023-09-17,11.80,11.80,22.4,13.7
2023-09-18,17.30,17.30,22.6,13.6
2023-09-19,9.40,9.40,23.6,12.8
2023-09-20,0.20,0.20,25.2,11.9
2023-09-21,0.40,0.40,25.3,11.9
2023-09-22,0.50,0.50,26.2,12.1
2023-09-23,0.00,0.00,27.6,11.5
2023-09-24,0.00,0.00,27.9,9.4
2023-09-25,0.00,0.00,27.5,10.0
2023-09-26,0.00,0.00,27.0,9.8
2023-09-27,0.00,0.00,27.8,10.0
2023-09-28,0.00,0.00,27.6,10.2
2023-09-29,0.00,0.00,27.9,11.7
2023-09-30,0.10,0.10,27.8,12.7
2023-10-01,0.20,0.20,27.3,12.2
2023-10-02,3.70,3.70,28.1,13.4
2023-10-03,11.40,11.40,24.5,14.5
2023-10-04,5.60,5.60,25.0,13.4
2023-10-05,4.30,4.30,25.6,13.4
2023-10-06,0.10,0.10,27.1,12.7
2023-10-07,0.80,0.80,22.9,13.7
2023-10-08,2.10,2.10,19.4,13.3
2023-10-09,3.80,3.80,22.6,12.7
2023-10-10,4.10,4.10,24.1,12.6
2023-10-11,0.20,0.20,23.1,12.9
2023-10-12,0.60,0.60,24.3,11.6
2023-10-13,11.80,11.80,24.9,10.9
2023-10-14,0.50,0.50,26.7,12.4
2023-10-15,1.60,1.60,22.2,13.5
2023-10-16,0.00,0.00,21.9,10.8
2023-10-17,0.50,0.50,22.0,9.6
2023-10-18,0.00,0.00,24.5,7.5
2023-10-19,0.00,0.00,25.7,9.7
2023-10-20,0.00,0.00,26.0,11.3
2023-10-21,0.00,0.00,27.3,9.3
2023-10-22,0.00,0.00,27.3,10.6
2023-10-23,0.00,0.00,26.7,11.5
2023-10-24,0.60,0.60,27.1,11.4
2023-10-25,9.10,9.10,17.4,13.8
2023-10-26,1.00,1.00,23.2,12.9
2023-10-27,0.30,0.30,25.1,12.8
2023-10-28,0.50,0.50,24.3,12.3
2023-10-29,0.00,0.00,25.2,12.6
2023-10-30,0.00,0.00,23.5,8.1
2023-10-31,0.10,0.10,25.3,9.3
2023-11-01,0.10,0.10,23.4,8.4
2023-11-02,0.40,0.40,24.3,6.9
2023-11-03,0.00,0.00,25.9,8.1
2023-11-04,0.00,0.00,25.5,7.7
2023-11-05,0.00,0.00,26.4,7.2
2023-11-06,0.00,0.00,27.8,9.4
2023-11-07,0.10,0.10,28.4,10.8
2023-11-08,0.00,0.00,28.5,13.3
2023-11-09,1.10,1.10,27.3,12.4
2023-11-10,1.00,1.00,24.9,11.4
2023-11-11,0.60,0.60,25.1,13.5
2023-11-12,0.00,0.00,25.3,9.9
2023-11-13,0.70,0.70,24.1,13.8
2023-11-14,0.30,0.30,22.9,12.5
2023-11-15,0.00,0.00,25.0,10.2
2023-11-16,0.00,0.00,25.3,5.5
2023-11-17,0.00,0.00,27.7,7.6
2023-11-18,0.00,0.00,26.1,7.2
2023-11-19,0.00,0.00,28.2,8.8
2023-11-20,0.00,0.00,28.2,10.0
2023-11-21,1.70,1.70,24.4,9.7
2023-11-22,8.70,8.70,20.8,8.7
2023-11-23,2.50,2.50,17.6,9.9
2023-11-24,0.00,0.00,22.8,5.4
2023-11-25,0.00,0.00,23.4,7.5
2023-11-26,0.00,0.00,22.8,7.3
2023-11-27,0.30,0.30,21.2,9.6
2023-11-28,0.40,0.40,21.9,10.3
2023-11-29,3.50,3.50,21.2,9.6
2023-11-30,0.20,0.20,23.3,8.0
2023-12-01,0.00,0.00,23.9,8.2
2023-12-02,0.40,0.40,21.4,10.0
2023-12-03,1.60,1.60,20.1,10.6
2023-12-04,0.40,0.40,20.0,11.9
2023-12-05,0.00,0.00,21.2,10.7
2023-12-06,1.20,1.20,19.7,11.5
2023-12-07,1.00,1.00,17.3,9.9
2023-12-08,0.00,0.00,20.8,7.8
2023-12-09,0.00,0.00,21.2,8.0
2023-12-10,0.00,0.00,18.7,8.9
2023-12-11,9.30,9.30,13.8,7.3
2023-12-12,0.00,0.00,16.9,7.6
2023-12-13,0.00,0.00,17.7,7.6
2023-12-14,0.20,0.20,19.2,10.3
2023-12-15,4.10,4.10,19.2,9.6
2023-12-16,1.10,1.10,18.2,9.8
2023-12-17,0.10,0.10,20.3,9.6
2023-12-18,0.00,0.00,20.9,3.7
2023-12-19,0.00,0.00,19.9,4.9
2023-12-20,0.00,0.00,21.9,3.3
2023-12-21,0.00,0.00,22.9,3.1
2023-12-22,0.00,0.00,23.3,3.3
2023-12-23,0.00,0.00,21.8,3.2
2023-12-24,0.00,0.00,23.2,6.5
2023-12-25,0.00,0.00,23.3,7.5
2023-12-26,0.70,0.70,19.1,8.0
2023-12-27,0.30,0.30,16.8,6.0
2023-12-28,0.00,0.00,19.8,1.7
2023-12-29,0.00,0.00,19.4,2.5
2023-12-30,0.00,0.00,18.9,3.5
2023-12-31,0.00,0.00,21.9,5.3
2024-01-01,0.00,0.00,22.3,5.8
2024-01-02,0.00,0.00,22.3,6.4
2024-01-03,0.00,0.00,24.0,9.3
2024-01-04,0.00,0.00,24.9,4.5
2024-01-05,0.00,0.00,23.2,4.9
2024-01-06,0.00,0.00,24.1,4.0
2024-01-07,0.00,0.00,22.6,8.6
2024-01-08,0.00,0.00,24.4,7.8
2024-01-09,0.00,0.00,23.5,6.6
2024-01-10,0.00,0.00,24.8,5.1
2024-01-11,0.00,0.00,25.8,6.4
2024-01-12,0.00,0.00,27.6,6.8
2024-01-13,0.00,0.00,25.2,7.6
2024-01-14,0.00,0.00,24.9,8.9
2024-01-15,0.00,0.00,26.2,6.8
2024-01-16,0.00,0.00,26.3,10.2
2024-01-17,0.00,0.00,25.7,9.6
2024-01-18,0.00,0.00,25.0,10.7
2024-01-19,0.00,0.00,23.7,11.0
2024-01-20,0.00,0.00,17.7,9.1
2024-01-21,0.00,0.00,19.6,9.8
2024-01-22,0.10,0.10,22.0,5.9
2024-01-23,0.00,0.00,23.4,6.3
2024-01-24,0.00,0.00,24.9,7.6
2024-01-25,0.00,0.00,25.3,6.9
2024-01-26,0.00,0.00,25.3,6.6
2024-01-27,0.00,0.00,24.9,6.2
2024-01-28,0.00,0.00,22.9,9.2
2024-01-29,0.00,0.00,21.7,7.0
2024-01-30,0.00,0.00,21.4,7.8
2024-01-31,0.10,0.10,21.8,11.0
2024-02-01,0.00,0.00,19.7,9.1
2024-02-02,0.00,0.00,26.0,5.4
2024-02-03,0.00,0.00,24.8,4.9
2024-02-04,0.00,0.00,24.8,4.0
2024-02-05,0.00,0.00,23.6,6.7
2024-02-06,0.00,0.00,25.7,4.2
2024-02-07,0.00,0.00,27.0,5.7
2024-02-08,0.00,0.00,29.7,8.8
2024-02-09,0.00,0.00,28.5,10.9
2024-02-10,0.00,0.00,28.6,6.4
2024-02-11,0.00,0.00,26.8,6.6
2024-02-12,0.00,0.00,26.7,8.2
2024-02-13,0.00,0.00,24.6,8.2
2024-02-14,0.00,0.00,22.9,8.3
2024-02-15,0.00,0.00,25.8,10.5
2024-02-16,0.00,0.00,24.7,7.2
2024-02-17,10.90,10.90,16.8,8.1
2024-02-18,0.00,0.00,20.0,6.1
2024-02-19,0.00,0.00,23.7,5.6
2024-02-20,0.00,0.00,24.7,5.0
2024-02-21,0.00,0.00,26.7,4.8
2024-02-22,0.00,0.00,28.6,7.1
2024-02-23,0.00,0.00,28.2,8.7
2024-02-24,0.00,0.00,27.7,10.4
2024-02-25,0.00,0.00,29.1,9.6
2024-02-26,0.00,0.00,28.4,8.9
2024-02-27,0.00,0.00,28.9,10.9
2024-02-28,0.00,0.00,28.4,11.1
2024-02-29,0.00,0.00,28.3,10.4
2024-03-01,0.00,0.00,27.4,9.7
2024-03-02,0.00,0.00,28.1,10.7
2024-03-03,0.00,0.00,28.1,10.1
2024-03-04,0.00,0.00,29.6,10.2
2024-03-05,0.00,0.00,28.3,8.0
2024-03-06,0.00,0.00,29.0,11.0
2024-03-07,0.00,0.00,31.7,11.0
2024-03-08,0.00,0.00,32.5,9.4
2024-03-09,0.00,0.00,31.1,9.7
2024-03-10,0.00,0.00,30.0,9.1
2024-03-11,0.00,0.00,29.4,9.3
2024-03-12,0.00,0.00,27.6,11.0
2024-03-13,0.00,0.00,28.9,10.8
2024-03-14,0.00,0.00,29.5,12.0
2024-03-15,0.00,0.00,29.0,10.1
2024-03-16,0.00,0.00,29.5,12.6
2024-03-17,0.00,0.00,29.5,11.5
2024-03-18,0.00,0.00,31.1,13.4
2024-03-19,0.00,0.00,27.8,14.2
2024-03-20,0.00,0.00,29.8,13.0
2024-03-21,0.00,0.00,29.9,11.7
2024-03-22,0.00,0.00,30.7,10.1
2024-03-23,0.00,0.00,29.6,11.3
2024-03-24,0.00,0.00,31.2,8.0
2024-03-25,0.00,0.00,29.0,6.6
2024-03-26,0.00,0.00,29.4,8.3
2024-03-27,0.00,0.00,29.6,7.3
2024-03-28,0.00,0.00,27.8,9.0
2024-03-29,0.00,0.00,29.0,8.5
2024-03-30,0.00,0.00,29.6,10.7
2024-03-31,0.00,0.00,30.5,12.2
2024-04-01,0.00,0.00,30.9,12.0
2024-04-02,0.00,0.00,31.1,10.9
2024-04-03,0.00,0.00,29.8,11.5
2024-04-04,0.00,0.00,27.4,9.7
2024-04-05,0.00,0.00,28.0,10.2
2024-04-06,0.00,0.00,29.4,10.7
2024-04-07,0.00,0.00,28.9,11.8
2024-04-08,0.00,0.00,30.1,15.4
2024-04-09,0.00,0.00,29.3,10.9
2024-04-10,0.00,0.00,29.2,11.2
2024-04-11,0.00,0.00,28.0,11.1
2024-04-12,0.00,0.00,29.4,9.0
2024-04-13,0.00,0.00,30.4,11.4
2024-04-14,0.00,0.00,31.6,12.3
2024-04-15,0.00,0.00,31.8,13.2
2024-04-16,0.00,0.00,33.0,14.4
2024-04-17,0.00,0.00,31.8,15.4
2024-04-18,0.00,0.00,31.4,15.6
2024-04-19,1.20,1.20,28.5,15.6
2024-04-20,4.00,4.00,27.7,15.5
2024-04-21,0.30,0.30,27.0,12.8
2024-04-22,3.50,3.50,26.3,13.4
2024-04-23,0.20,0.20,26.0,11.7
2024-04-24,0.00,0.00,29.7,12.7
2024-04-25,0.10,0.10,28.4,12.8
2024-04-26,0.10,0.10,27.4,12.8
2024-04-27,0.00,0.00,28.5,12.6
2024-04-28,0.10,0.10,29.5,11.1
2024-04-29,0.00,0.00,29.5,12.5
2024-04-30,0.00,0.00,30.4,13.7
2024-05-01,0.10,0.10,31.0,13.4
2024-05-02,0.10,0.10,30.4,14.2
2024-05-03,0.20,0.20,32.7,14.2
2024-05-04,0.00,0.00,31.9,13.4
2024-05-05,0.00,0.00,31.5,14.4
2024-05-06,0.10,0.10,32.0,14.4
2024-05-07,0.10,0.10,33.1,14.0
2024-05-08,0.20,0.20,32.0,14.9
2024-05-09,0.00,0.00,33.0,15.7
2024-05-10,0.00,0.00,33.6,16.3
2024-05-11,0.60,0.60,33.4,17.1
2024-05-12,0.00,0.00,32.1,15.5
2024-05-13,0.20,0.20,31.9,14.4
2024-05-14,0.00,0.00,31.8,15.0
2024-05-15,2.50,2.50,30.8,15.6
2024-05-16,0.50,0.50,33.2,13.6
2024-05-17,0.80,0.80,32.8,14.9
2024-05-18,1.40,1.40,32.4,15.0
2024-05-19,1.00,1.00,30.2,16.8
2024-05-20,0.00,0.00,33.5,15.4
2024-05-21,0.00,0.00,32.5,15.1
2024-05-22,1.70,1.70,31.8,16.3
2024-05-23,0.00,0.00,31.9,15.6
2024-05-24,2.10,2.10,32.7,16.1
2024-05-25,0.80,0.80,33.6,14.8
2024-05-26,5.20,5.20,32.6,16.3
2024-05-27,0.10,0.10,33.0,15.5
2024-05-28,0.00,0.00,30.8,16.7
2024-05-29,21.00,21.00,26.6,15.3
2024-05-30,0.10,0.10,28.7,14.1
2024-05-31,0.00,0.00,32.4,14.9
2024-06-01,0.00,0.00,34.2,14.7
2024-06-02,0.00,0.00,34.0,13.6
2024-06-03,0.10,0.10,31.9,14.5
2024-06-04,0.60,0.60,29.7,16.2
2024-06-05,0.10,0.10,30.3,16.1
2024-06-06,2.80,2.80,31.8,15.1
2024-06-07,0.20,0.20,31.5,15.0
2024-06-08,0.00,0.00,28.6,16.0
2024-06-09,9.20,9.20,27.4,16.0
2024-06-10,0.10,0.10,31.5,15.9
2024-06-11,0.00,0.00,30.7,13.4
2024-06-12,0.00,0.00,31.4,13.7
2024-06-13,0.10,0.10,31.5,14.4
2024-06-14,0.10,0.10,30.5,15.1
2024-06-15,0.00,0.00,30.0,13.2
2024-06-16,0.00,0.00,30.1,14.1
2024-06-17,0.00,0.00,30.3,12.6
2024-06-18,0.00,0.00,31.1,13.3
2024-06-19,1.20,1.20,29.2,13.5
2024-06-20,24.30,24.30,23.9,15.5
2024-06-21,6.30,6.30,23.6,14.6
2024-06-22,16.50,16.50,23.1,13.4
2024-06-23,8.40,8.40,22.3,13.9
2024-06-24,14.80,14.80,22.5,13.5
2024-06-25,15.90,15.90,21.6,14.7
2024-06-26,10.50,10.50,21.5,14.2
2024-06-27,15.90,15.90,21.7,13.7
2024-06-28,9.20,9.20,20.8,13.8
2024-06-29,2.50,2.50,24.0,14.3
2024-06-30,43.70,43.70,21.7,13.4
2024-07-01,30.80,30.80,19.4,14.8
2024-07-02,8.00,8.00,21.8,13.9
2024-07-03,12.10,12.10,21.8,12.7
2024-07-04,14.10,14.10,23.1,11.8
2024-07-05,1.40,1.40,23.7,12.4
2024-07-06,1.10,1.10,23.9,12.7
2024-07-07,0.40,0.40,24.5,12.2
2024-07-08,0.20,0.20,26.3,13.3
2024-07-09,7.10,7.10,24.9,13.8
2024-07-10,15.50,15.50,20.3,13.9
2024-07-11,26.10,26.10,20.1,14.0
2024-07-12,8.80,8.80,21.7,13.5
2024-07-13,10.70,10.70,22.5,12.8
2024-07-14,14.40,14.40,22.6,12.3
2024-07-15,8.40,8.40,21.6,12.5
2024-07-16,5.90,5.90,22.1,11.7
2024-07-17,4.10,4.10,23.7,12.7
2024-07-18,8.90,8.90,21.5,14.4
2024-07-19,8.60,8.60,21.4,12.7
2024-07-20,17.10,17.10,21.2,13.0
2024-07-21,7.80,7.80,23.2,14.7
2024-07-22,3.20,3.20,20.8,13.5
2024-07-23,5.60,5.60,22.2,11.8
2024-07-24,7.60,7.60,21.4,12.9
2024-07-25,16.30,16.30,23.5,12.4
2024-07-26,4.60,4.60,22.4,13.6
2024-07-27,4.50,4.50,21.5,12.1
2024-07-28,18.40,18.40,22.9,12.6
2024-07-29,16.80,16.80,24.0,14.1
2024-07-30,15.00,15.00,22.8,14.6
2024-07-31,12.10,12.10,22.1,12.9
2024-08-01,1.10,1.10,24.3,13.4
2024-08-02,9.70,9.70,21.2,12.8
2024-08-03,9.40,9.40,22.7,10.9
2024-08-04,2.10,2.10,22.6,11.5
2024-08-05,16.60,16.60,22.8,13.2
2024-08-06,13.00,13.00,22.5,12.2
2024-08-07,13.50,13.50,23.1,13.6
2024-08-08,6.40,6.40,24.4,12.6
2024-08-09,1.60,1.60,23.8,12.7
2024-08-10,6.20,6.20,22.7,12.7
2024-08-11,8.40,8.40,21.9,13.4
2024-08-12,7.10,7.10,21.9,13.9
2024-08-13,9.20,9.20,22.0,12.8
2024-08-14,13.50,13.50,23.0,13.1
2024-08-15,8.10,8.10,24.0,13.5
2024-08-16,31.30,31.30,22.1,13.2
2024-08-17,10.00,10.00,23.0,13.5
2024-08-18,6.70,6.70,23.8,14.0
2024-08-19,0.80,0.80,24.2,13.3
2024-08-20,1.10,1.10,24.0,13.2
2024-08-21,6.20,6.20,22.3,12.8
2024-08-22,3.40,3.40,23.0,11.8
2024-08-23,19.20,19.20,21.1,13.0
2024-08-24,0.70,0.70,23.2,13.3
2024-08-25,2.60,2.60,23.5,13.3
2024-08-26,2.70,2.70,23.4,12.8
2024-08-27,10.70,10.70,23.3,12.8
2024-08-28,13.90,13.90,22.6,13.3
2024-08-29,24.60,24.60,23.0,12.0
2024-08-30,20.30,20.30,22.6,12.5
2024-08-31,12.30,12.30,23.0,13.4
2024-09-01,15.60,15.60,23.2,13.3
2024-09-02,8.30,8.30,23.3,13.0
2024-09-03,8.70,8.70,23.7,14.1
2024-09-04,6.50,6.50,23.7,12.0
2024-09-05,8.20,8.20,23.9,13.9
2024-09-06,23.80,23.80,22.3,13.7
2024-09-07,3.40,3.40,20.9,13.6
2024-09-08,1.00,1.00,20.9,12.7
2024-09-09,1.30,1.30,22.0,11.2
2024-09-10,9.40,9.40,21.2,13.9
2024-09-11,4.60,4.60,23.1,14.7
2024-09-12,2.20,2.20,22.3,11.3
2024-09-13,20.50,20.50,23.0,12.2
2024-09-14,7.20,7.20,23.6,14.2
2024-09-15,8.70,8.70,23.8,13.0
2024-09-16,23.20,23.20,23.0,13.1
2024-09-17,19.10,19.10,23.0,13.5
2024-09-18,6.40,6.40,23.7,13.4
2024-09-19,7.60,7.60,23.9,13.2
2024-09-20,3.80,3.80,24.4,14.7
2024-09-21,3.20,3.20,23.3,13.2
2024-09-22,2.80,2.80,23.9,13.8
2024-09-23,5.90,5.90,23.3,12.7
2024-09-24,2.50,2.50,20.0,13.7
2024-09-25,8.10,8.10,21.2,13.1
2024-09-26,19.30,19.30,16.7,13.3
2024-09-27,26.10,26.10,17.9,13.1
2024-09-28,15.10,15.10,21.1,11.3
2024-09-29,6.30,6.30,20.7,13.7
2024-09-30,7.10,7.10,21.4,12.5
2024-10-01,3.40,3.40,20.1,11.3
2024-10-02,0.20,0.20,18.9,11.9
2024-10-03,0.00,0.00,22.0,8.7
2024-10-04,10.70,10.70,21.4,10.7
2024-10-05,13.60,13.60,20.5,11.7
2024-10-06,22.00,22.00,21.1,14.7
2024-10-07,17.40,17.40,20.2,12.0
2024-10-08,3.50,3.50,20.1,13.2
2024-10-09,0.10,0.10,21.3,11.0
2024-10-10,0.00,0.00,20.7,7.5
2024-10-11,0.00,0.00,19.3,6.4
2024-10-12,0.00,0.00,20.0,6.0
2024-10-13,0.10,0.10,19.3,8.5
2024-10-14,0.40,0.40,21.8,10.5
2024-10-15,0.00,0.00,22.3,8.2
2024-10-16,0.20,0.20,23.1,8.5
2024-10-17,0.10,0.10,21.6,9.4
2024-10-18,0.00,0.00,21.8,10.1
2024-10-19,0.30,0.30,23.1,12.2
2024-10-20,0.90,0.90,18.2,10.8
2024-10-21,17.90,17.90,18.3,13.3
2024-10-22,0.60,0.60,22.8,12.4
2024-10-23,0.00,0.00,22.0,9.6
2024-10-24,0.00,0.00,21.6,10.0
2024-10-25,0.00,0.00,21.8,10.0
2024-10-26,0.40,0.40,21.4,10.2
2024-10-27,2.40,2.40,20.9,11.5
2024-10-28,6.70,6.70,19.9,11.0
2024-10-29,1.00,1.00,20.4,10.0
2024-10-30,0.30,0.30,22.6,9.9
2024-10-31,0.50,0.50,23.7,10.7
2024-11-01,1.00,1.00,22.6,10.5
2024-11-02,0.80,0.80,22.3,11.9
2024-11-03,0.40,0.40,23.3,10.1
2024-11-04,0.00,0.00,23.8,9.7
2024-11-05,0.10,0.10,24.3,10.1
2024-11-06,0.00,0.00,24.9,10.8
2024-11-07,0.00,0.00,26.3,11.9
2024-11-08,0.00,0.00,26.5,10.1
2024-11-09,0.00,0.00,26.4,8.9
2024-11-10,0.00,0.00,26.5,8.0
2024-11-11,0.00,0.00,26.6,8.4
2024-11-12,0.00,0.00,25.2,9.1
2024-11-13,0.00,0.00,26.1,10.9
2024-11-14,0.00,0.00,22.9,10.4
2024-11-15,0.00,0.00,24.6,10.0
2024-11-16,0.00,0.00,25.9,10.6
2024-11-17,0.00,0.00,25.8,11.8
2024-11-18,0.00,0.00,26.3,11.7
2024-11-19,0.10,0.10,25.4,12.6
2024-11-20,4.80,4.80,23.1,11.8
2024-11-21,0.00,0.00,21.1,10.6
2024-11-22,0.00,0.00,21.2,7.8
2024-11-23,0.00,0.00,22.1,4.1
2024-11-24,0.00,0.00,23.2,5.1
2024-11-25,0.00,0.00,24.1,5.3
2024-11-26,0.00,0.00,24.1,5.7
2024-11-27,0.00,0.00,26.9,6.9
2024-11-28,0.00,0.00,26.8,9.2
2024-11-29,0.00,0.00,26.1,9.0
2024-11-30,0.00,0.00,25.5,9.1
2024-12-01,0.00,0.00,24.9,8.6
2024-12-02,0.00,0.00,23.9,7.9
2024-12-03,0.00,0.00,22.8,8.4
2024-12-04,0.00,0.00,23.3,9.3
2024-12-05,0.10,0.10,24.5,10.5
2024-12-06,0.00,0.00,23.7,10.9
2024-12-07,0.00,0.00,24.4,11.4
2024-12-08,0.00,0.00,24.8,7.5
2024-12-09,0.00,0.00,24.2,10.1
2024-12-10,0.00,0.00,25.5,10.6
2024-12-11,0.00,0.00,21.9,10.2
2024-12-12,0.00,0.00,24.0,7.6
2024-12-13,0.00,0.00,25.0,10.9
2024-12-14,0.00,0.00,25.2,9.4
2024-12-15,0.00,0.00,23.8,8.4
2024-12-16,0.00,0.00,23.3,7.9
2024-12-17,0.00,0.00,21.7,8.2
2024-12-18,0.20,0.20,22.1,11.0
2024-12-19,0.10,0.10,21.4,11.9
2024-12-20,0.30,0.30,20.1,10.0
2024-12-21,0.90,0.90,19.5,10.5
2024-12-22,5.60,5.60,16.3,10.2
2024-12-23,0.00,0.00,17.8,6.5
2024-12-24,0.00,0.00,17.6,8.1
2024-12-25,1.10,1.10,19.0,6.5
2024-12-26,0.00,0.00,19.6,6.3
2024-12-27,0.00,0.00,22.5,5.6
2024-12-28,0.00,0.00,23.7,6.1
2024-12-29,0.00,0.00,23.5,7.0
2024-12-30,0.00,0.00,23.1,7.6
2024-12-31,0.00,0.00,23.4,7.1
2025-01-01,0.00,0.00,23.3,8.4
2025-01-02,0.00,0.00,22.1,8.6
2025-01-03,0.10,0.10,21.1,9.1
2025-01-04,0.20,0.20,20.7,10.5
2025-01-05,0.40,0.40,20.7,9.3
2025-01-06,0.00,0.00,18.6,8.7
2025-01-07,0.00,0.00,22.3,9.1
2025-01-08,6.50,6.50,21.2,8.5
2025-01-09,0.00,0.00,21.7,7.9
2025-01-10,1.20,1.20,22.1,10.7
2025-01-11,1.00,1.00,19.1,10.3
2025-01-12,0.20,0.20,19.4,10.3
2025-01-13,0.00,0.00,21.8,6.7
2025-01-14,0.00,0.00,21.2,6.7
2025-01-15,0.40,0.40,23.0,8.4
2025-01-16,0.00,0.00,23.7,9.8
2025-01-17,0.00,0.00,23.2,10.5
2025-01-18,0.00,0.00,23.8,10.6
2025-01-19,0.00,0.00,24.4,10.4
2025-01-20,0.00,0.00,23.8,9.4
2025-01-21,0.00,0.00,23.4,9.0
2025-01-22,0.00,0.00,24.1,5.2
2025-01-23,0.00,0.00,23.9,9.7
2025-01-24,0.00,0.00,20.0,8.2
2025-01-25,0.00,0.00,22.9,6.9
2025-01-26,0.00,0.00,24.6,9.5
2025-01-27,0.00,0.00,25.3,10.1
2025-01-28,0.00,0.00,26.0,10.7
2025-01-29,0.00,0.00,26.0,11.8
2025-01-30,0.00,0.00,25.9,11.0
2025-01-31,0.00,0.00,24.8,10.6
2025-02-01,3.30,3.30,21.1,10.0
2025-02-02,0.90,0.90,21.8,10.5
2025-02-03,0.30,0.30,20.5,8.7
2025-02-04,0.20,0.20,22.2,8.3
2025-02-05,0.20,0.20,23.7,8.2
2025-02-06,0.00,0.00,25.5,10.0
2025-02-07,0.10,0.10,24.9,9.5
2025-02-08,0.00,0.00,24.6,9.9
2025-02-09,0.10,0.10,25.6,11.0
2025-02-10,0.00,0.00,25.8,11.7
2025-02-11,0.00,0.00,24.9,12.8
2025-02-12,0.00,0.00,26.1,11.5
2025-02-13,0.10,0.10,23.9,11.3
2025-02-14,0.00,0.00,24.2,12.3
2025-02-15,0.00,0.00,24.6,12.6
2025-02-16,0.10,0.10,24.3,12.5
2025-02-17,0.80,0.80,23.4,11.8
2025-02-18,0.40,0.40,23.7,11.7
2025-02-19,1.60,1.60,17.5,13.1
2025-02-20,5.50,5.50,20.9,9.2
2025-02-21,1.50,1.50,20.8,10.0
2025-02-22,0.60,0.60,21.6,10.2
2025-02-23,0.00,0.00,22.3,9.4
2025-02-24,0.00,0.00,24.3,9.9
2025-02-25,0.00,0.00,26.7,8.5
2025-02-26,0.00,0.00,27.5,11.8
2025-02-27,0.00,0.00,27.5,12.8
2025-02-28,0.20,0.20,26.1,12.2
2025-03-01,0.00,0.00,27.9,12.8
2025-03-02,1.60,1.60,27.5,12.9
2025-03-03,0.20,0.20,28.2,13.3
2025-03-04,0.00,0.00,28.5,14.1
2025-03-05,0.00,0.00,27.6,12.7
2025-03-06,0.00,0.00,26.9,13.1
2025-03-07,0.00,0.00,29.1,13.0
2025-03-08,0.10,0.10,29.9,12.2
2025-03-09,0.00,0.00,28.2,14.0
2025-03-10,0.00,0.00,28.4,11.6
2025-03-11,0.00,0.00,29.0,13.2
2025-03-12,0.00,0.00,27.7,14.0
2025-03-13,0.00,0.00,29.0,13.5
2025-03-14,0.00,0.00,29.3,13.7
2025-03-15,0.00,0.00,28.9,12.5
2025-03-16,0.00,0.00,28.7,11.3
2025-03-17,0.00,0.00,27.5,10.1
2025-03-18,0.00,0.00,28.9,12.2
2025-03-19,0.00,0.00,28.6,14.3
2025-03-20,1.90,1.90,23.4,11.6
2025-03-21,1.00,1.00,27.4,9.3
2025-03-22,1.90,1.90,23.7,14.6
2025-03-23,0.70,0.70,27.1,10.7
2025-03-24,0.00,0.00,27.0,12.8
2025-03-25,0.10,0.10,26.9,14.3
2025-03-26,0.00,0.00,24.7,14.0
2025-03-27,0.00,0.00,25.2,13.1
2025-03-28,0.00,0.00,27.6,11.7
2025-03-29,0.00,0.00,27.4,12.3
2025-03-30,0.00,0.00,29.1,12.5
2025-03-31,0.00,0.00,29.7,14.6
2025-04-01,0.00,0.00,29.8,14.3
2025-04-02,0.00,0.00,29.9,15.4
2025-04-03,0.00,0.00,29.7,14.6
2025-04-04,0.00,0.00,30.0,13.6
2025-04-05,0.00,0.00,30.9,13.9
2025-04-06,0.00,0.00,29.5,14.7
2025-04-07,0.00,0.00,28.0,13.7
2025-04-08,0.00,0.00,24.9,8.5
2025-04-09,0.00,0.00,25.6,10.2
2025-04-10,0.00,0.00,26.4,12.7
2025-04-11,0.00,0.00,25.7,8.2
2025-04-12,0.00,0.00,25.0,9.2
2025-04-13,0.00,0.00,26.1,9.1
2025-04-14,0.00,0.00,27.4,10.5
2025-04-15,0.00,0.00,26.9,11.1
2025-04-16,0.00,0.00,28.4,10.3
2025-04-17,0.00,0.00,29.1,14.3
2025-04-18,0.00,0.00,29.5,15.0
2025-04-19,0.00,0.00,30.4,15.8
2025-04-20,0.90,0.90,29.3,16.2
2025-04-21,0.40,0.40,28.7,16.1
2025-04-22,0.00,0.00,29.3,14.4
2025-04-23,0.00,0.00,29.6,15.4
2025-04-24,0.10,0.10,30.0,16.0
2025-04-25,0.30,0.30,29.5,16.8
2025-04-26,0.00,0.00,30.0,15.0
2025-04-27,0.00,0.00,29.7,14.0
2025-04-28,0.00,0.00,29.1,13.9
2025-04-29,0.00,0.00,29.1,14.7
2025-04-30,0.30,0.30,28.1,16.1
2025-05-01,0.00,0.00,27.7,16.2
2025-05-02,0.00,0.00,29.3,15.6
2025-05-03,1.40,1.40,29.5,16.2
2025-05-04,0.20,0.20,28.5,15.4
2025-05-05,0.00,0.00,28.8,15.9
2025-05-06,0.00,0.00,30.2,15.9
2025-05-07,0.00,0.00,30.9,16.1
2025-05-08,0.60,0.60,31.3,17.6
2025-05-09,2.00,2.00,28.0,16.5
2025-05-10,1.90,1.90,23.0,13.9
2025-05-11,3.40,3.40,20.8,12.1
2025-05-12,0.00,0.00,26.2,11.0
2025-05-13,0.10,0.10,27.4,13.5
2025-05-14,0.10,0.10,29.2,15.3
2025-05-15,0.00,0.00,32.3,16.7
2025-05-16,0.00,0.00,32.1,17.3
2025-05-17,0.80,0.80,30.6,18.4
2025-05-18,2.40,2.40,29.3,18.1
2025-05-19,0.10,0.10,30.6,16.6
2025-05-20,1.40,1.40,30.9,16.9
2025-05-21,8.40,8.40,29.3,15.3
2025-05-22,2.60,2.60,27.3,14.5
2025-05-23,4.00,4.00,29.2,15.1
2025-05-24,0.30,0.30,25.8,15.9
2025-05-25,2.40,2.40,24.0,15.2
2025-05-26,17.10,17.10,21.4,14.6
2025-05-27,26.50,26.50,22.9,14.8
2025-05-28,26.70,26.70,22.7,14.5
2025-05-29,10.30,10.30,21.6,13.6
2025-05-30,2.70,2.70,23.0,11.4
2025-05-31,20.70,20.70,23.1,13.7
2025-06-01,9.30,9.30,22.0,15.1
2025-06-02,20.90,20.90,23.2,14.1
2025-06-03,7.40,7.40,23.8,14.0
2025-06-04,0.40,0.40,24.9,13.4
2025-06-05,0.10,0.10,25.7,12.7
2025-06-06,0.50,0.50,26.4,14.1
2025-06-07,0.20,0.20,26.5,14.2
2025-06-08,1.30,1.30,26.8,14.9
2025-06-09,0.20,0.20,29.2,15.5
2025-06-10,0.60,0.60,28.3,15.8
2025-06-11,5.60,5.60,24.7,15.7
2025-06-12,16.50,16.50,22.0,14.2
2025-06-13,11.70,11.70,20.8,13.4
2025-06-14,3.50,3.50,22.1,12.7
2025-06-15,1.60,1.60,20.2,13.6
2025-06-16,20.70,20.70,19.2,13.6
2025-06-17,10.80,10.80,21.2,13.0
2025-06-18,12.70,12.70,20.9,13.7
2025-06-19,5.60,5.60,20.5,13.8
2025-06-20,14.90,14.90,22.2,11.9
2025-06-21,7.10,7.10,20.1,11.3
2025-06-22,20.50,20.50,20.2,13.4
2025-06-23,14.10,14.10,17.7,14.2
2025-06-24,9.00,9.00,19.5,12.8
2025-06-25,15.30,15.30,20.8,12.6
2025-06-26,13.90,13.90,20.9,11.8
2025-06-27,16.50,16.50,22.3,12.0
2025-06-28,11.10,11.10,23.4,12.9
2025-06-29,50.70,50.70,21.4,13.0
2025-06-30,29.20,29.20,19.7,13.5
2025-07-01,0.90,0.90,23.2,12.2
2025-07-02,6.90,6.90,20.8,13.0
2025-07-03,0.10,0.10,23.5,12.1
2025-07-04,0.10,0.10,24.8,13.5
2025-07-05,0.60,0.60,25.0,14.1
2025-07-06,4.20,4.20,24.1,13.5
2025-07-07,4.50,4.50,23.8,12.8
2025-07-08,0.50,0.50,23.5,13.3
2025-07-09,1.90,1.90,21.4,12.7
2025-07-10,9.70,9.70,21.1,10.8
2025-07-11,13.00,13.00,20.4,11.6
2025-07-12,25.10,25.10,21.1,11.4
2025-07-13,0.30,0.30,23.5,12.1
2025-07-14,5.60,5.60,22.4,13.0
2025-07-15,10.20,10.20,22.2,13.2
2025-07-16,2.40,2.40,23.6,13.4
2025-07-17,6.90,6.90,21.8,13.0
2025-07-18,10.30,10.30,22.8,12.7
2025-07-19,5.70,5.70,22.4,12.4
2025-07-20,14.20,14.20,22.5,13.0
2025-07-21,0.70,0.70,23.7,11.5
2025-07-22,0.60,0.60,24.6,13.3
2025-07-23,10.10,10.10,25.1,14.0
2025-07-24,15.80,15.80,24.1,12.7
2025-07-25,3.80,3.80,23.5,12.9
2025-07-26,7.10,7.10,24.1,12.2
2025-07-27,20.70,20.70,21.1,13.0
2025-07-28,7.90,7.90,22.2,12.2
2025-07-29,6.50,6.50,22.5,11.0
2025-07-30,6.70,6.70,22.4,11.7
2025-07-31,17.10,17.10,19.8,12.3
2025-08-01,12.60,12.60,21.4,12.8
2025-08-02,1.40,1.40,23.0,12.1
2025-08-03,1.40,1.40,23.5,13.0
2025-08-04,1.10,1.10,24.2,11.5
2025-08-05,0.90,0.90,25.0,11.7
2025-08-06,0.60,0.60,22.9,12.6
2025-08-07,7.30,7.30,22.4,12.1
2025-08-08,7.50,7.50,23.4,12.6
2025-08-09,1.30,1.30,23.3,13.3
2025-08-10,9.70,9.70,23.8,13.0
2025-08-11,6.80,6.80,24.3,13.1
2025-08-12,9.60,9.60,23.6,12.6
2025-08-13,9.60,9.60,23.2,13.4
2025-08-14,13.20,13.20,21.9,11.8
2025-08-15,2.60,2.60,21.2,12.7
2025-08-16,1.40,1.40,23.3,11.9
2025-08-17,2.10,2.10,23.0,11.2
2025-08-18,3.20,3.20,23.9,11.8
2025-08-19,1.80,1.80,23.6,12.7
2025-08-20,2.30,2.30,23.2,13.3
2025-08-21,13.90,13.90,22.1,14.2
2025-08-22,16.50,16.50,23.3,12.7
2025-08-23,20.00,20.00,21.8,12.6
2025-08-24,8.10,8.10,22.1,12.9
2025-08-25,11.20,11.20,22.9,13.1
2025-08-26,10.20,10.20,23.1,13.6
2025-08-27,12.10,12.10,20.8,13.2
2025-08-28,12.50,12.50,22.4,12.1
2025-08-29,1.40,1.40,23.5,13.2
2025-08-30,16.90,16.90,22.1,13.3
2025-08-31,21.20,21.20,23.3,13.4
2025-09-01,4.80,4.80,22.7,13.0
2025-09-02,3.80,3.80,22.3,13.6
2025-09-03,8.80,8.80,22.6,13.3
2025-09-04,6.00,6.00,22.8,11.8
2025-09-05,7.90,7.90,22.6,11.7
2025-09-06,12.30,12.30,23.8,11.1
2025-09-07,2.00,2.00,24.2,12.1
2025-09-08,2.40,2.40,23.4,13.3
2025-09-09,12.20,12.20,23.5,13.7
2025-09-10,14.20,14.20,23.6,13.7
2025-09-11,5.90,5.90,22.4,12.3
2025-09-12,15.70,15.70,22.1,13.5
2025-09-13,18.70,18.70,22.6,12.9
2025-09-14,2.00,2.00,22.7,13.2
2025-09-15,2.60,2.60,22.8,12.6
2025-09-16,18.80,18.80,22.5,13.0
2025-09-17,30.40,30.40,21.8,13.0
2025-09-18,3.90,3.90,22.9,12.7
2025-09-19,1.50,1.50,24.2,13.1
2025-09-20,13.90,13.90,23.2,12.3
2025-09-21,3.70,3.70,24.0,12.4
2025-09-22,2.50,2.50,24.7,13.5
2025-09-23,2.70,2.70,26.1,14.0
2025-09-24,17.40,17.40,24.2,14.0
2025-09-25,4.70,4.70,21.0,12.9
2025-09-26,12.50,12.50,22.0,12.3
2025-09-27,10.90,10.90,22.3,12.2
2025-09-28,19.30,19.30,22.1,13.9
2025-09-29,15.90,15.90,20.7,13.9
2025-09-30,8.40,8.40,22.0,14.0
2025-10-01,0.90,0.90,22.6,11.6
2025-10-02,12.50,12.50,22.0,13.2
2025-10-03,1.80,1.80,22.3,13.4
2025-10-04,1.90,1.90,19.9,12.2
2025-10-05,4.20,4.20,21.3,11.9
2025-10-06,12.00,12.00,21.2,11.0
2025-10-07,4.90,4.90,23.1,13.4
2025-10-08,31.00,31.00,17.0,13.1
2025-10-09,7.50,7.50,20.4,12.8
2025-10-10,21.90,21.90,21.4,13.2
2025-10-11,9.60,9.60,21.6,12.6
2025-10-12,0.20,0.20,23.3,13.7
2025-10-13,0.70,0.70,23.8,10.5
2025-10-14,0.00,0.00,22.7,11.0
2025-10-15,0.70,0.70,20.9,11.5
2025-10-16,0.40,0.40,22.3,10.4
2025-10-17,0.70,0.70,24.5,11.2
2025-10-18,15.50,15.50,24.4,12.6
2025-10-19,0.10,0.10,25.2,11.6
2025-10-20,0.90,0.90,24.2,13.8
2025-10-21,0.00,0.00,26.0,11.3
2025-10-22,0.60,0.60,24.4,12.8
2025-10-23,0.10,0.10,25.8,12.7
2025-10-24,0.00,0.00,25.8,12.2
2025-10-25,0.00,0.00,26.4,12.3
2025-10-26,0.00,0.00,27.3,12.2
2025-10-27,0.00,0.00,26.1,10.7
2025-10-28,0.00,0.00,25.8,11.1
2025-10-29,0.00,0.00,22.7,11.2
2025-10-30,0.00,0.00,23.7,8.6
2025-10-31,0.00,0.00,24.3,10.1
2025-11-01,0.00,0.00,24.4,11.9
2025-11-02,0.30,0.30,21.2,11.2
2025-11-03,0.00,0.00,22.0,10.2
2025-11-04,0.00,0.00,23.5,8.2
2025-11-05,0.00,0.00,24.2,10.8
2025-11-06,0.00,0.00,24.5,9.3
2025-11-07,0.00,0.00,24.9,10.1
2025-11-08,0.00,0.00,24.7,10.1
2025-11-09,0.00,0.00,25.1,10.9
2025-11-10,0.00,0.00,14.5,9.6
2025-11-11,0.00,0.00,20.3,7.6
2025-11-12,0.00,0.00,23.9,8.2
2025-11-13,0.00,0.00,24.6,9.8
2025-11-14,0.00,0.00,25.1,8.2
2025-11-15,0.00,0.00,26.0,7.1
2025-11-16,0.00,0.00,25.8,9.7
2025-11-17,0.00,0.00,25.3,11.1
2025-11-18,0.30,0.30,26.0,10.8
2025-11-19,0.00,0.00,25.7,11.6
2025-11-20,0.00,0.00,25.0,10.6
2025-11-21,0.00,0.00,25.6,11.6
2025-11-22,0.00,0.00,24.2,11.1
2025-11-23,0.30,0.30,23.2,11.9
2025-11-24,0.00,0.00,24.3,9.8
2025-11-25,0.00,0.00,23.9,10.8
2025-11-26,6.20,6.20,22.8,11.4
2025-11-27,2.70,2.70,19.9,11.8
2025-11-28,0.20,0.20,18.6,9.8
2025-11-29,0.20,0.20,19.6,8.4
2025-11-30,0.10,0.10,20.1,8.5
2025-12-01,0.00,0.00,20.9,9.1
2025-12-02,0.00,0.00,22.4,11.4
2025-12-03,0.00,0.00,23.0,9.3
2025-12-04,0.80,0.80,22.5,9.5
2025-12-05,0.00,0.00,22.4,11.2
2025-12-06,0.00,0.00,21.8,10.5
2025-12-07,0.00,0.00,23.3,10.9
2025-12-08,1.40,1.40,20.7,10.9
2025-12-09,0.20,0.20,21.6,9.7
2025-12-10,1.90,1.90,22.9,9.0
2025-12-11,0.00,0.00,20.6,9.0
2025-12-12,0.00,0.00,23.2,8.6
2025-12-13,0.00,0.00,21.7,10.0
2025-12-14,0.00,0.00,23.3,11.0
2025-12-15,0.00,0.00,17.8,11.5
2025-12-16,0.00,0.00,20.0,7.5
2025-12-17,0.00,0.00,20.9,9.9
2025-12-18,0.00,0.00,20.5,8.9
2025-12-19,0.10,0.10,20.2,8.1
2025-12-20,0.00,0.00,21.2,7.8
2025-12-21,0.00,0.00,22.0,7.9
2025-12-22,2.30,2.30,21.0,10.4
2025-12-23,0.70,0.70,20.1,10.8
2025-12-24,0.60,0.60,20.8,11.6
2025-12-25,2.40,2.40,19.3,11.2
2025-12-26,1.70,1.70,19.5,10.4
2025-12-27,0.20,0.20,19.9,7.7
2025-12-28,0.00,0.00,21.9,8.0
2025-12-29,0.00,0.00,21.5,8.1
2025-12-30,0.00,0.00,17.8,9.1
2025-12-31,0.00,0.00,20.8,6.0
2026-01-01,0.00,0.00,21.9,8.7
2026-01-02,0.00,0.00,22.7,7.9
2026-01-03,0.00,0.00,23.4,8.5
2026-01-04,0.00,0.00,23.6,9.3
2026-01-05,0.00,0.00,23.8,9.0
2026-01-06,0.00,0.00,24.1,9.4
2026-01-07,0.00,0.00,24.9,9.0
2026-01-08,0.00,0.00,24.9,9.1
2026-01-09,0.00,0.00,24.8,8.0
2026-01-10,0.10,0.10,23.0,9.7
2026-01-11,0.00,0.00,18.0,7.5
2026-01-12,0.00,0.00,20.1,5.0
2026-01-13,0.10,0.10,21.1,7.0
2026-01-14,5.20,5.20,20.9,8.6
2026-01-15,0.00,0.00,17.3,8.8
2026-01-16,0.00,0.00,19.9,7.0
2026-01-17,0.50,0.50,20.4,10.1
2026-01-18,2.30,2.30,20.1,10.0
2026-01-19,0.00,0.00,21.0,7.0
2026-01-20,0.00,0.00,22.4,9.9
2026-01-21,0.80,0.80,19.3,9.0
2026-01-22,0.50,0.50,20.7,7.1
2026-01-23,0.00,0.00,21.7,9.4
2026-01-24,0.00,0.00,23.7,8.5
2026-01-25,0.00,0.00,24.2,8.8
2026-01-26,0.00,0.00,24.0,10.1
2026-01-27,0.00,0.00,23.5,5.5
2026-01-28,0.00,0.00,23.6,10.1
2026-01-29,0.00,0.00,25.4,9.3
2026-01-30,0.00,0.00,24.0,10.7
2026-01-31,0.30,0.30,16.6,8.1
2026-02-01,1.10,1.10,19.9,3.1
2026-02-02,0.00,0.00,21.2,5.7
2026-02-03,0.00,0.00,23.4,7.9
2026-02-04,0.70,0.70,22.3,9.9
2026-02-05,0.00,0.00,18.1,9.5
2026-02-06,0.00,0.00,22.1,6.9
2026-02-07,0.00,0.00,23.7,6.8
2026-02-08,0.00,0.00,25.1,7.9
2026-02-09,0.00,0.00,25.6,8.6
2026-02-10,0.00,0.00,27.8,9.9
2026-02-11,0.10,0.10,27.3,12.2
2026-02-12,0.00,0.00,27.0,11.2
2026-02-13,0.00,0.00,27.1,11.7
2026-02-14,0.00,0.00,27.8,12.7
2026-02-15,0.00,0.00,26.1,13.1
2026-02-16,0.00,0.00,27.1,10.9
2026-02-17,0.00,0.00,27.6,12.7
2026-02-18,0.00,0.00,29.0,12.5
2026-02-19,0.00,0.00,29.5,13.0
2026-02-20,0.00,0.00,28.9,12.1
2026-02-21,0.00,0.00,28.4,12.3
2026-02-22,0.10,0.10,15.0,8.3
2026-02-23,0.00,0.00,20.3,3.4
2026-02-24,0.00,0.00,22.4,3.7
2026-02-25,0.00,0.00,24.6,8.1
2026-02-26,0.00,0.00,26.8,10.7
2026-02-27,0.00,0.00,27.1,11.2
2026-02-28,0.00,0.00,26.6,11.0
2026-03-01,0.00,0.00,25.9,11.7
2026-03-02,0.00,0.00,25.7,10.5
2026-03-03,0.00,0.00,26.7,10.9
2026-03-04,1.60,1.60,25.0,11.7
2026-03-05,5.30,5.30,23.0,12.2
2026-03-06,1.20,1.20,23.3,10.8
2026-03-07,0.00,0.00,24.6,10.4
2026-03-08,0.00,0.00,25.5,12.0
2026-03-09,0.30,0.30,25.9,13.6
2026-03-10,0.00,0.00,25.8,12.7
2026-03-11,0.00,0.00,26.4,12.9
2026-03-12,0.80,0.80,23.1,13.3
2026-03-13,0.30,0.30,23.6,10.0
2026-03-14,0.00,0.00,24.3,12.5
2026-03-15,0.30,0.30,25.5,12.1
2026-03-16,2.50,2.50,23.7,12.3
2026-03-17,16.40,16.40,21.2,11.1
2026-03-18,0.20,0.20,22.0,8.3
2026-03-19,0.00,0.00,23.4,7.7
2026-03-20,0.00,0.00,23.4,8.1
2026-03-21,0.00,0.00,22.0,8.4
2026-03-22,0.00,0.00,23.0,9.7
2026-03-23,0.80,0.80,23.7,11.1
2026-03-24,0.10,0.10,23.0,11.1
2026-03-25,0.00,0.00,24.5,9.9
2026-03-26,0.10,0.10,24.9,9.7
2026-03-27,0.00,0.00,24.8,10.8
2026-03-28,0.00,0.00,22.0,10.2
2026-03-29,0.40,0.40,22.6,10.1
2026-03-30,2.20,2.20,20.2,11.1
2026-03-31,3.40,3.40,20.4,9.5
2026-04-01,0.90,0.90,22.1,7.8
2026-04-02,0.70,0.70,24.5,10.2
2026-04-03,0.10,0.10,27.2,12.0
2026-04-04,6.40,6.40,27.6,13.5
2026-04-05,4.30,4.30,23.3,12.6
2026-04-06,4.40,4.40,23.7,12.0
2026-04-07,6.90,6.90,25.3,10.5
2026-04-08,0.80,0.80,24.8,12.3
2026-04-09,1.40,1.40,26.5,12.0
2026-04-10,4.60,4.60,24.7,12.3
2026-04-11,6.80,6.80,23.7,13.8
2026-04-12,11.70,11.70,24.8,11.5
2026-04-13,0.70,0.70,23.7,10.0
2026-04-14,0.00,0.00,26.4,12.0
2026-04-15,0.00,0.00,27.4,13.9
2026-04-16,0.00,0.00,29.8,14.2
2026-04-17,0.00,0.00,29.6,15.9
2026-04-18,0.00,0.00,30.2,16.2
2026-04-19,1.40,1.40,26.4,15.5
2026-04-20,0.30,0.30,24.3,13.5
2026-04-21,1.30,1.30,25.9,13.8
2026-04-22,2.10,2.10,25.1,15.0
2026-04-23,0.10,0.10,25.5,12.3
2026-04-24,3.00,3.00,28.7,12.6
2026-04-25,0.00,0.00,28.8,14.2
2026-04-26,0.40,0.40,28.7,15.6
2026-04-27,0.00,0.00,29.4,15.6
2026-04-28,0.10,0.10,32.0,16.1
2026-04-29,0.00,0.00,32.7,16.6
2026-04-30,0.00,0.00,31.7,16.2
2026-05-01,0.50,0.50,31.5,17.5
2026-05-02,1.20,1.20,30.2,17.7
2026-05-03,0.20,0.20,26.4,14.3
2026-05-04,0.20,0.20,28.3,14.4
2026-05-05,1.30,1.30,30.9,16.5
2026-05-06,0.10,0.10,30.8,16.3
2026-05-07,3.50,3.50,29.7,17.2
2026-05-08,0.30,0.30,28.2,16.3
2026-05-09,1.30,1.30,26.6,15.6
2026-05-10,14.20,14.20,25.9,15.1
2026-05-11,15.90,15.90,24.4,14.8
2026-05-12,10.60,10.60,22.8,13.6
2026-05-13,3.60,3.60,24.0,13.9
2026-05-14,0.00,0.00,26.5,12.5
2026-05-15,0.00,0.00,30.0,11.8
2026-05-16,0.90,0.90,30.4,15.9
2026-05-17,4.90,4.90,28.8,15.9
2026-05-18,0.30,0.30,27.6,14.0
2026-05-19,3.70,3.70,27.3,14.7
2026-05-20,3.30,3.30,27.1,13.3
2026-05-21,2.00,2.00,25.7,13.7
2026-05-22,2.50,2.50,25.4,13.8
2026-05-23,5.90,5.90,26.2,13.5
2026-05-24,1.90,1.90,24.3,12.2
2026-05-25,16.50,16.50,25.7,14.5
2026-05-26,1.70,1.70,24.8,13.5
2026-05-27,3.50,3.50,25.5,13.9
2026-05-28,2.40,2.40,24.7,13.5
2026-05-29,0.00,0.00,27.2,11.8
2026-05-30,0.00,0.00,29.2,13.6
2026-05-31,0.70,0.70,28.5,14.7
2026-06-01,2.90,2.90,28.0,15.4
2026-06-02,8.50,8.50,26.5,15.6
2026-06-03,15.10,15.10,25.1,15.4
2026-06-04,21.90,21.90,24.1,14.8
2026-06-05,13.10,13.10,23.1,13.3
2026-06-06,14.60,14.60,22.0,13.8
2026-06-07,16.60,16.60,21.6,14.4
2026-06-08,12.80,12.80,22.7,14.7
2026-06-09,6.70,6.70,19.4,15.1
2026-06-10,16.20,16.20,21.7,13.9
2026-06-11,15.70,15.70,23.9,14.3
2026-06-12,9.30,9.30,24.2,14.6
2026-06-13,3.00,3.00,21.7,13.7
2026-06-14,0.70,0.70,24.3,12.0
2026-06-15,2.50,2.50,24.4,13.8
2026-06-16,7.20,7.20,24.7,14.5
2026-06-17,9.00,9.00,23.5,14.4
2026-06-18,9.00,9.00,25.1,13.2
2026-06-19,10.20,10.20,24.6,14.6
2026-06-20,4.10,4.10,24.1,14.3
2026-06-21,0.20,0.20,24.0,13.7
2026-06-22,5.20,5.20,26.2,13.6
2026-06-23,11.10,11.10,23.9,14.1
2026-06-24,16.00,16.00,21.7,13.9
2026-06-25,4.80,4.80,23.4,13.1
2026-06-26,2.00,2.00,23.5,12.6
2026-06-27,5.30,5.30,21.8,13.5
2026-06-28,12.60,12.60,23.7,12.4
2026-06-29,12.20,12.20,22.2,13.5
2026-06-30,8.90,8.90,22.1,13.7
2026-07-01,6.00,6.00,20.5,13.6
2026-07-02,2.80,2.80,21.7,12.0
2026-07-03,8.20,8.20,22.9,13.1
2026-07-04,1.20,1.20,24.0,14.1
2026-07-05,8.60,8.60,23.6,14.1
2026-07-06,8.30,8.30,23.1,13.6
2026-07-07,3.40,3.40,23.1,13.4
2026-07-08,8.60,8.60,22.7,13.0
2026-07-09,9.20,9.20,23.6,13.0
2026-07-10,5.30,5.30,24.9,12.6
2026-07-11,19.60,19.60,24.1,13.3
2026-07-12,12.10,12.10,23.7,13.0
2026-07-13,3.40,3.40,23.3,13.8
2026-07-14,0.60,0.60,24.5,13.2
2026-07-15,10.40,10.40,23.7,13.4
2026-07-16,4.90,4.90,24.9,13.1
2026-07-17,4.50,4.50,22.5,13.4
2026-07-18,0.80,0.80,23.7,13.3
2026-07-19,2.50,2.50,24.9,12.9
2026-07-20,0.90,0.90,25.7,13.2
2026-07-21,0.50,0.50,26.3,13.0
2026-07-22,0.80,0.80,25.8,12.5
2026-07-23,0.60,0.60,27.4,13.5
2026-07-24,2.00,2.00,28.7,14.4
2026-07-25,3.40,3.40,27.3,14.8
2026-07-26,8.00,8.00,24.6,13.7
2026-07-27,22.10,22.10,23.5,14.0
2026-07-28,13.50,13.50,24.1,13.4
2026-07-29,4.10,4.10,23.5,13.3
2026-07-30,5.90,5.90,25.8,13.5
2026-07-31,13.50,13.50,25.5,13.1
